Study_ID,Study_Description,BioSample_ID,BioSample_Description,Sample_ID,Sample_Name,Sample_Owner,Index_ID,Index,Index2_ID,Index2,Organism,Host,Gender,Tissue_Source,FACS_Markers
SCLUNG_NEXT6,sclung_sclungnext6,,scrnaseq_lungadeno_pt_samples,A1_B003577,A1_B003577,Ashley,CZB-NXT-i7-01921-CZB-NXT-i5-01537,AGAGCGGTATCT,CZB-NXT-i7-01921-CZB-NXT-i5-01537,TCGTCAGGCGGC,Human,,,,
SCLUNG_NEXT6,sclung_sclungnext6,,scrnaseq_lungadeno_pt_samples,A2_B003577,A2_B003577,Ashley,CZB-NXT-i7-01922-CZB-NXT-i5-01538,CCTCTATCAGAC,CZB-NXT-i7-01922-CZB-NXT-i5-01538,CAATCAAGTATT,Human,,,,
SCLUNG_NEXT6,sclung_sclungnext6,,scrnaseq_lungadeno_pt_samples,A3_B003577,A3_B003577,Ashley,CZB-NXT-i7-01923-CZB-NXT-i5-01539,TCTGCCGTTTGC,CZB-NXT-i7-01923-CZB-NXT-i5-01539,TCTGCCGAAGAG,Human,,,,
SCLUNG_NEXT6,sclung_sclungnext6,,scrnaseq_lungadeno_pt_samples,A4_B003577,A4_B003577,Ashley,CZB-NXT-i7-01924-CZB-NXT-i5-01540,TTGAAATGTGGA,CZB-NXT-i7-01924-CZB-NXT-i5-01540,ACCACCTGAAAG,Human,,,,
SCLUNG_NEXT6,sclung_sclungnext6,,scrnaseq_lungadeno_pt_samples,A5_B003577,A5_B003577,Ashley,CZB-NXT-i7-01925-CZB-NXT-i5-01541,TGGGTCGTCGCT,CZB-NXT-i7-01925-CZB-NXT-i5-01541,AACCACTACCCG,Human,,,,
SCLUNG_NEXT6,sclung_sclungnext6,,scrnaseq_lungadeno_pt_samples,A6_B003577,A6_B003577,Ashley,CZB-NXT-i7-01926-CZB-NXT-i5-01542,TTGTCAGGAGAG,CZB-NXT-i7-01926-CZB-NXT-i5-01542,CCGACACGCCGA,Human,,,,
SCLUNG_NEXT6,sclung_sclungnext6,,scrnaseq_lungadeno_pt_samples,A7_B003577,A7_B003577,Ashley,CZB-NXT-i7-01927-CZB-NXT-i5-01543,TTTCAAACAGTA,CZB-NXT-i7-01927-CZB-NXT-i5-01543,AAACGGACATAA,Human,,,,
SCLUNG_NEXT6,sclung_sclungnext6,,scrnaseq_lungadeno_pt_samples,A8_B003577,A8_B003577,Ashley,CZB-NXT-i7-01928-CZB-NXT-i5-01544,TGTGTCCACTCC,CZB-NXT-i7-01928-CZB-NXT-i5-01544,TCCCTTATGGAG,Human,,,,
SCLUNG_NEXT6,sclung_sclungnext6,,scrnaseq_lungadeno_pt_samples,A9_B003577,A9_B003577,Ashley,CZB-NXT-i7-01929-CZB-NXT-i5-01545,AGGCGTAATCCA,CZB-NXT-i7-01929-CZB-NXT-i5-01545,GATGCTAATCTC,Human,,,,
SCLUNG_NEXT6,sclung_sclungnext6,,scrnaseq_lungadeno_pt_samples,A10_B003577,A10_B003577,Ashley,CZB-NXT-i7-01930-CZB-NXT-i5-01546,GCGTAGCAACAC,CZB-NXT-i7-01930-CZB-NXT-i5-01546,AAGACTAATGGA,Human,,,,
SCLUNG_NEXT6,sclung_sclungnext6,,scrnaseq_lungadeno_pt_samples,A11_B003577,A11_B003577,Ashley,CZB-NXT-i7-01931-CZB-NXT-i5-01547,TATCCTCACCTA,CZB-NXT-i7-01931-CZB-NXT-i5-01547,TAAGTGGGTTAG,Human,,,,
SCLUNG_NEXT6,sclung_sclungnext6,,scrnaseq_lungadeno_pt_samples,A12_B003577,A12_B003577,Ashley,CZB-NXT-i7-01932-CZB-NXT-i5-01548,GACCCGACCCTC,CZB-NXT-i7-01932-CZB-NXT-i5-01548,ATCAATCAACTG,Human,,,,
SCLUNG_NEXT6,sclung_sclungnext6,,scrnaseq_lungadeno_pt_samples,A13_B003577,A13_B003577,Ashley,CZB-NXT-i7-01933-CZB-NXT-i5-01549,ACGGACTCTGTT,CZB-NXT-i7-01933-CZB-NXT-i5-01549,TTTGTCGGCTGA,Human,,,,
SCLUNG_NEXT6,sclung_sclungnext6,,scrnaseq_lungadeno_pt_samples,A14_B003577,A14_B003577,Ashley,CZB-NXT-i7-01934-CZB-NXT-i5-01550,TTTAGAACCTTT,CZB-NXT-i7-01934-CZB-NXT-i5-01550,TGATGTCGGCTC,Human,,,,
SCLUNG_NEXT6,sclung_sclungnext6,,scrnaseq_lungadeno_pt_samples,A15_B003577,A15_B003577,Ashley,CZB-NXT-i7-01935-CZB-NXT-i5-01551,TTGTGGCTTCGT,CZB-NXT-i7-01935-CZB-NXT-i5-01551,GCCACAGTTCAT,Human,,,,
SCLUNG_NEXT6,sclung_sclungnext6,,scrnaseq_lungadeno_pt_samples,A16_B003577,A16_B003577,Ashley,CZB-NXT-i7-01936-CZB-NXT-i5-01552,TTTCTGGTGTTT,CZB-NXT-i7-01936-CZB-NXT-i5-01552,TTCAAAGAGATG,Human,,,,
SCLUNG_NEXT6,sclung_sclungnext6,,scrnaseq_lungadeno_pt_samples,A17_B003577,A17_B003577,Ashley,CZB-NXT-i7-01937-CZB-NXT-i5-01553,CAGCGACCGATG,CZB-NXT-i7-01937-CZB-NXT-i5-01553,TCTATTCGCACC,Human,,,,
SCLUNG_NEXT6,sclung_sclungnext6,,scrnaseq_lungadeno_pt_samples,A18_B003577,A18_B003577,Ashley,CZB-NXT-i7-01938-CZB-NXT-i5-01554,ACATTTCGCTAT,CZB-NXT-i7-01938-CZB-NXT-i5-01554,CCTGGGATTCAA,Human,,,,
SCLUNG_NEXT6,sclung_sclungnext6,,scrnaseq_lungadeno_pt_samples,A19_B003577,A19_B003577,Ashley,CZB-NXT-i7-01939-CZB-NXT-i5-01555,CTCAAAGTAGGG,CZB-NXT-i7-01939-CZB-NXT-i5-01555,CCTGTTACCCAT,Human,,,,
SCLUNG_NEXT6,sclung_sclungnext6,,scrnaseq_lungadeno_pt_samples,A20_B003577,A20_B003577,Ashley,CZB-NXT-i7-01940-CZB-NXT-i5-01556,TTATGATAGTCC,CZB-NXT-i7-01940-CZB-NXT-i5-01556,ACAAAGGCGGTA,Human,,,,
SCLUNG_NEXT6,sclung_sclungnext6,,scrnaseq_lungadeno_pt_samples,A21_B003577,A21_B003577,Ashley,CZB-NXT-i7-01941-CZB-NXT-i5-01557,TTTGGTTATTGC,CZB-NXT-i7-01941-CZB-NXT-i5-01557,TAGCGTATGTAA,Human,,,,
SCLUNG_NEXT6,sclung_sclungnext6,,scrnaseq_lungadeno_pt_samples,A22_B003577,A22_B003577,Ashley,CZB-NXT-i7-01942-CZB-NXT-i5-01558,TTTCCCTCCGTC,CZB-NXT-i7-01942-CZB-NXT-i5-01558,GCTCGTGACAGA,Human,,,,
SCLUNG_NEXT6,sclung_sclungnext6,,scrnaseq_lungadeno_pt_samples,A23_B003577,A23_B003577,Ashley,CZB-NXT-i7-01943-CZB-NXT-i5-01559,GCGGTCGCTTAG,CZB-NXT-i7-01943-CZB-NXT-i5-01559,CGAGGACTAATA,Human,,,,
SCLUNG_NEXT6,sclung_sclungnext6,,scrnaseq_lungadeno_pt_samples,A24_B003577,A24_B003577,Ashley,CZB-NXT-i7-01944-CZB-NXT-i5-01560,TCCGATGGCAGC,CZB-NXT-i7-01944-CZB-NXT-i5-01560,CCTGAAGAAGAA,Human,,,,
SCLUNG_NEXT6,sclung_sclungnext6,,scrnaseq_lungadeno_pt_samples,B1_B003577,B1_B003577,Ashley,CZB-NXT-i7-01945-CZB-NXT-i5-01561,TCGGTGACTACT,CZB-NXT-i7-01945-CZB-NXT-i5-01561,TTCCGTAAACCA,Human,,,,
SCLUNG_NEXT6,sclung_sclungnext6,,scrnaseq_lungadeno_pt_samples,B2_B003577,B2_B003577,Ashley,CZB-NXT-i7-01946-CZB-NXT-i5-01562,TTATGTGAGAAA,CZB-NXT-i7-01946-CZB-NXT-i5-01562,ACTGTCAAGAAC,Human,,,,
SCLUNG_NEXT6,sclung_sclungnext6,,scrnaseq_lungadeno_pt_samples,B3_B003577,B3_B003577,Ashley,CZB-NXT-i7-01947-CZB-NXT-i5-01563,TTGGTGGGCGTG,CZB-NXT-i7-01947-CZB-NXT-i5-01563,GTCGGGTCCGCA,Human,,,,
SCLUNG_NEXT6,sclung_sclungnext6,,scrnaseq_lungadeno_pt_samples,B4_B003577,B4_B003577,Ashley,CZB-NXT-i7-01948-CZB-NXT-i5-01564,AAGTTCGCAGAT,CZB-NXT-i7-01948-CZB-NXT-i5-01564,TCGGCAGGTTAC,Human,,,,
SCLUNG_NEXT6,sclung_sclungnext6,,scrnaseq_lungadeno_pt_samples,B5_B003577,B5_B003577,Ashley,CZB-NXT-i7-01949-CZB-NXT-i5-01565,AGTTCGTGGTGG,CZB-NXT-i7-01949-CZB-NXT-i5-01565,TTCGGCAATCCC,Human,,,,
SCLUNG_NEXT6,sclung_sclungnext6,,scrnaseq_lungadeno_pt_samples,B6_B003577,B6_B003577,Ashley,CZB-NXT-i7-01950-CZB-NXT-i5-01566,TTTCAACGCTTA,CZB-NXT-i7-01950-CZB-NXT-i5-01566,TTGCGTCCACTG,Human,,,,
SCLUNG_NEXT6,sclung_sclungnext6,,scrnaseq_lungadeno_pt_samples,B7_B003577,B7_B003577,Ashley,CZB-NXT-i7-01951-CZB-NXT-i5-01567,TATCAACTGGAG,CZB-NXT-i7-01951-CZB-NXT-i5-01567,TTGTTCTCAGCC,Human,,,,
SCLUNG_NEXT6,sclung_sclungnext6,,scrnaseq_lungadeno_pt_samples,B8_B003577,B8_B003577,Ashley,CZB-NXT-i7-01952-CZB-NXT-i5-01568,CCACCGCATTTA,CZB-NXT-i7-01952-CZB-NXT-i5-01568,TTCGTCATCAAA,Human,,,,
SCLUNG_NEXT6,sclung_sclungnext6,,scrnaseq_lungadeno_pt_samples,B9_B003577,B9_B003577,Ashley,CZB-NXT-i7-01953-CZB-NXT-i5-01569,GACGCTGGCATT,CZB-NXT-i7-01953-CZB-NXT-i5-01569,TTACCTTGACAG,Human,,,,
SCLUNG_NEXT6,sclung_sclungnext6,,scrnaseq_lungadeno_pt_samples,B10_B003577,B10_B003577,Ashley,CZB-NXT-i7-01954-CZB-NXT-i5-01570,TTACACTCGCTC,CZB-NXT-i7-01954-CZB-NXT-i5-01570,CTTTATCGCACA,Human,,,,
SCLUNG_NEXT6,sclung_sclungnext6,,scrnaseq_lungadeno_pt_samples,B11_B003577,B11_B003577,Ashley,CZB-NXT-i7-01955-CZB-NXT-i5-01571,GGGAGGCACGGA,CZB-NXT-i7-01955-CZB-NXT-i5-01571,TCTCCATCGCCC,Human,,,,
SCLUNG_NEXT6,sclung_sclungnext6,,scrnaseq_lungadeno_pt_samples,B12_B003577,B12_B003577,Ashley,CZB-NXT-i7-01956-CZB-NXT-i5-01572,TTTCTGAGAGAG,CZB-NXT-i7-01956-CZB-NXT-i5-01572,CGAGCGTTACCA,Human,,,,
SCLUNG_NEXT6,sclung_sclungnext6,,scrnaseq_lungadeno_pt_samples,B13_B003577,B13_B003577,Ashley,CZB-NXT-i7-01957-CZB-NXT-i5-01573,AATAACCTGCTA,CZB-NXT-i7-01957-CZB-NXT-i5-01573,TGGACGGAATCT,Human,,,,
SCLUNG_NEXT6,sclung_sclungnext6,,scrnaseq_lungadeno_pt_samples,B14_B003577,B14_B003577,Ashley,CZB-NXT-i7-01958-CZB-NXT-i5-01574,CTCATTCCACTT,CZB-NXT-i7-01958-CZB-NXT-i5-01574,CATAGTAAGCAA,Human,,,,
SCLUNG_NEXT6,sclung_sclungnext6,,scrnaseq_lungadeno_pt_samples,B15_B003577,B15_B003577,Ashley,CZB-NXT-i7-01959-CZB-NXT-i5-01575,CGACACTTCGCC,CZB-NXT-i7-01959-CZB-NXT-i5-01575,TTTAGCGAAGTC,Human,,,,
SCLUNG_NEXT6,sclung_sclungnext6,,scrnaseq_lungadeno_pt_samples,B16_B003577,B16_B003577,Ashley,CZB-NXT-i7-01960-CZB-NXT-i5-01576,TCCAATGTGGTC,CZB-NXT-i7-01960-CZB-NXT-i5-01576,TGGAATGGTGTT,Human,,,,
SCLUNG_NEXT6,sclung_sclungnext6,,scrnaseq_lungadeno_pt_samples,B17_B003577,B17_B003577,Ashley,CZB-NXT-i7-01961-CZB-NXT-i5-01577,TTGGAAACAAGA,CZB-NXT-i7-01961-CZB-NXT-i5-01577,TTCTAATCCGAG,Human,,,,
SCLUNG_NEXT6,sclung_sclungnext6,,scrnaseq_lungadeno_pt_samples,B18_B003577,B18_B003577,Ashley,CZB-NXT-i7-01962-CZB-NXT-i5-01578,TCTGTCTTGACC,CZB-NXT-i7-01962-CZB-NXT-i5-01578,GTGGTAAGGTAG,Human,,,,
SCLUNG_NEXT6,sclung_sclungnext6,,scrnaseq_lungadeno_pt_samples,B19_B003577,B19_B003577,Ashley,CZB-NXT-i7-01963-CZB-NXT-i5-01579,TCAAGCATACGG,CZB-NXT-i7-01963-CZB-NXT-i5-01579,TCCATACATTAT,Human,,,,
SCLUNG_NEXT6,sclung_sclungnext6,,scrnaseq_lungadeno_pt_samples,B20_B003577,B20_B003577,Ashley,CZB-NXT-i7-01964-CZB-NXT-i5-01580,CGCAGGCTGTGC,CZB-NXT-i7-01964-CZB-NXT-i5-01580,CCGTGCCCTGAA,Human,,,,
SCLUNG_NEXT6,sclung_sclungnext6,,scrnaseq_lungadeno_pt_samples,B21_B003577,B21_B003577,Ashley,CZB-NXT-i7-01965-CZB-NXT-i5-01581,TCCTAAGACTAA,CZB-NXT-i7-01965-CZB-NXT-i5-01581,TTACTTGGGTGC,Human,,,,
SCLUNG_NEXT6,sclung_sclungnext6,,scrnaseq_lungadeno_pt_samples,B22_B003577,B22_B003577,Ashley,CZB-NXT-i7-01966-CZB-NXT-i5-01582,CCGACGACTTAC,CZB-NXT-i7-01966-CZB-NXT-i5-01582,CTAATAGAGTGC,Human,,,,
SCLUNG_NEXT6,sclung_sclungnext6,,scrnaseq_lungadeno_pt_samples,B23_B003577,B23_B003577,Ashley,CZB-NXT-i7-01967-CZB-NXT-i5-01583,TTTGTATCAGGG,CZB-NXT-i7-01967-CZB-NXT-i5-01583,GCCATAAAGGAG,Human,,,,
SCLUNG_NEXT6,sclung_sclungnext6,,scrnaseq_lungadeno_pt_samples,B24_B003577,B24_B003577,Ashley,CZB-NXT-i7-01968-CZB-NXT-i5-01584,TCCATTGCTCAT,CZB-NXT-i7-01968-CZB-NXT-i5-01584,AAAGGTCCCAAT,Human,,,,
SCLUNG_NEXT6,sclung_sclungnext6,,scrnaseq_lungadeno_pt_samples,C1_B003577,C1_B003577,Ashley,CZB-NXT-i7-01969-CZB-NXT-i5-01585,ACCAGAACAATC,CZB-NXT-i7-01969-CZB-NXT-i5-01585,TCCTCGTGGGTG,Human,,,,
SCLUNG_NEXT6,sclung_sclungnext6,,scrnaseq_lungadeno_pt_samples,C2_B003577,C2_B003577,Ashley,CZB-NXT-i7-01970-CZB-NXT-i5-01586,CTCAGTGACCCA,CZB-NXT-i7-01970-CZB-NXT-i5-01586,TGAGCGACGGGT,Human,,,,
SCLUNG_NEXT6,sclung_sclungnext6,,scrnaseq_lungadeno_pt_samples,C3_B003577,C3_B003577,Ashley,CZB-NXT-i7-01971-CZB-NXT-i5-01587,TGCTGATAACCT,CZB-NXT-i7-01971-CZB-NXT-i5-01587,TCATTCGCAGTG,Human,,,,
SCLUNG_NEXT6,sclung_sclungnext6,,scrnaseq_lungadeno_pt_samples,C4_B003577,C4_B003577,Ashley,CZB-NXT-i7-01972-CZB-NXT-i5-01588,TGTGAATCGGCG,CZB-NXT-i7-01972-CZB-NXT-i5-01588,CAGAAAGCCAGC,Human,,,,
SCLUNG_NEXT6,sclung_sclungnext6,,scrnaseq_lungadeno_pt_samples,C5_B003577,C5_B003577,Ashley,CZB-NXT-i7-01973-CZB-NXT-i5-01589,AGACATAGGAGA,CZB-NXT-i7-01973-CZB-NXT-i5-01589,TCAAACTCATTG,Human,,,,
SCLUNG_NEXT6,sclung_sclungnext6,,scrnaseq_lungadeno_pt_samples,C6_B003577,C6_B003577,Ashley,CZB-NXT-i7-01974-CZB-NXT-i5-01590,TCGTATGACAGT,CZB-NXT-i7-01974-CZB-NXT-i5-01590,CCAGGTATTTGC,Human,,,,
SCLUNG_NEXT6,sclung_sclungnext6,,scrnaseq_lungadeno_pt_samples,C7_B003577,C7_B003577,Ashley,CZB-NXT-i7-01975-CZB-NXT-i5-01591,CCGTTCGGCTGA,CZB-NXT-i7-01975-CZB-NXT-i5-01591,TTGAGAGGACTT,Human,,,,
SCLUNG_NEXT6,sclung_sclungnext6,,scrnaseq_lungadeno_pt_samples,C8_B003577,C8_B003577,Ashley,CZB-NXT-i7-01976-CZB-NXT-i5-01592,TCTTAGAGGAGT,CZB-NXT-i7-01976-CZB-NXT-i5-01592,TTTGAAGCGGTT,Human,,,,
SCLUNG_NEXT6,sclung_sclungnext6,,scrnaseq_lungadeno_pt_samples,C9_B003577,C9_B003577,Ashley,CZB-NXT-i7-01977-CZB-NXT-i5-01593,GACAGTAATCTG,CZB-NXT-i7-01977-CZB-NXT-i5-01593,CTCTCACATTGC,Human,,,,
SCLUNG_NEXT6,sclung_sclungnext6,,scrnaseq_lungadeno_pt_samples,C10_B003577,C10_B003577,Ashley,CZB-NXT-i7-01978-CZB-NXT-i5-01594,TTCCATTACTAA,CZB-NXT-i7-01978-CZB-NXT-i5-01594,CAAGTTAGAAGT,Human,,,,
SCLUNG_NEXT6,sclung_sclungnext6,,scrnaseq_lungadeno_pt_samples,C11_B003577,C11_B003577,Ashley,CZB-NXT-i7-01979-CZB-NXT-i5-01595,CTCACTGGTATT,CZB-NXT-i7-01979-CZB-NXT-i5-01595,ACATCGCCACCC,Human,,,,
SCLUNG_NEXT6,sclung_sclungnext6,,scrnaseq_lungadeno_pt_samples,C12_B003577,C12_B003577,Ashley,CZB-NXT-i7-01980-CZB-NXT-i5-01596,TGGATGCGGGAC,CZB-NXT-i7-01980-CZB-NXT-i5-01596,CAACTCCCTTCA,Human,,,,
SCLUNG_NEXT6,sclung_sclungnext6,,scrnaseq_lungadeno_pt_samples,C13_B003577,C13_B003577,Ashley,CZB-NXT-i7-01981-CZB-NXT-i5-01597,TAATGCCAGGCT,CZB-NXT-i7-01981-CZB-NXT-i5-01597,CAGGTCTGTATT,Human,,,,
SCLUNG_NEXT6,sclung_sclungnext6,,scrnaseq_lungadeno_pt_samples,C14_B003577,C14_B003577,Ashley,CZB-NXT-i7-01982-CZB-NXT-i5-01598,TTTGGTGTAGTA,CZB-NXT-i7-01982-CZB-NXT-i5-01598,GGGACTCCGACA,Human,,,,
SCLUNG_NEXT6,sclung_sclungnext6,,scrnaseq_lungadeno_pt_samples,C15_B003577,C15_B003577,Ashley,CZB-NXT-i7-01983-CZB-NXT-i5-01599,CCGAGTGCCCTG,CZB-NXT-i7-01983-CZB-NXT-i5-01599,ACGCTGTAAGAT,Human,,,,
SCLUNG_NEXT6,sclung_sclungnext6,,scrnaseq_lungadeno_pt_samples,C16_B003577,C16_B003577,Ashley,CZB-NXT-i7-01984-CZB-NXT-i5-01600,TGGTCTAATGTT,CZB-NXT-i7-01984-CZB-NXT-i5-01600,GCGGTCATACAA,Human,,,,
SCLUNG_NEXT6,sclung_sclungnext6,,scrnaseq_lungadeno_pt_samples,C17_B003577,C17_B003577,Ashley,CZB-NXT-i7-01985-CZB-NXT-i5-01601,TGAAAGGAAGAT,CZB-NXT-i7-01985-CZB-NXT-i5-01601,TTACCCGCTGCG,Human,,,,
SCLUNG_NEXT6,sclung_sclungnext6,,scrnaseq_lungadeno_pt_samples,C18_B003577,C18_B003577,Ashley,CZB-NXT-i7-01986-CZB-NXT-i5-01602,TCCTTTCAGTTT,CZB-NXT-i7-01986-CZB-NXT-i5-01602,TTTACCTATCTC,Human,,,,
SCLUNG_NEXT6,sclung_sclungnext6,,scrnaseq_lungadeno_pt_samples,C19_B003577,C19_B003577,Ashley,CZB-NXT-i7-01987-CZB-NXT-i5-01603,CGGCTTTCACAG,CZB-NXT-i7-01987-CZB-NXT-i5-01603,AACATCAGTGCC,Human,,,,
SCLUNG_NEXT6,sclung_sclungnext6,,scrnaseq_lungadeno_pt_samples,C20_B003577,C20_B003577,Ashley,CZB-NXT-i7-01988-CZB-NXT-i5-01604,CTGATAGTTGTG,CZB-NXT-i7-01988-CZB-NXT-i5-01604,CGACGACGAAAT,Human,,,,
SCLUNG_NEXT6,sclung_sclungnext6,,scrnaseq_lungadeno_pt_samples,C21_B003577,C21_B003577,Ashley,CZB-NXT-i7-01989-CZB-NXT-i5-01605,CCTATCGGGAAA,CZB-NXT-i7-01989-CZB-NXT-i5-01605,TACTAAATAACC,Human,,,,
SCLUNG_NEXT6,sclung_sclungnext6,,scrnaseq_lungadeno_pt_samples,C22_B003577,C22_B003577,Ashley,CZB-NXT-i7-01990-CZB-NXT-i5-01606,TCTGTTGGGCGT,CZB-NXT-i7-01990-CZB-NXT-i5-01606,TAAATGGTTATG,Human,,,,
SCLUNG_NEXT6,sclung_sclungnext6,,scrnaseq_lungadeno_pt_samples,C23_B003577,C23_B003577,Ashley,CZB-NXT-i7-01991-CZB-NXT-i5-01607,TATTGAGTGGAA,CZB-NXT-i7-01991-CZB-NXT-i5-01607,TACGGTTACATT,Human,,,,
SCLUNG_NEXT6,sclung_sclungnext6,,scrnaseq_lungadeno_pt_samples,C24_B003577,C24_B003577,Ashley,CZB-NXT-i7-01992-CZB-NXT-i5-01608,CTAACGAGTGCC,CZB-NXT-i7-01992-CZB-NXT-i5-01608,TGTATTTCGCTT,Human,,,,
SCLUNG_NEXT6,sclung_sclungnext6,,scrnaseq_lungadeno_pt_samples,D1_B003577,D1_B003577,Ashley,CZB-NXT-i7-01993-CZB-NXT-i5-01609,CCACCTGCGGAA,CZB-NXT-i7-01993-CZB-NXT-i5-01609,CCGTCCACAGTG,Human,,,,
SCLUNG_NEXT6,sclung_sclungnext6,,scrnaseq_lungadeno_pt_samples,D2_B003577,D2_B003577,Ashley,CZB-NXT-i7-01994-CZB-NXT-i5-01610,TGAATCTCAGAC,CZB-NXT-i7-01994-CZB-NXT-i5-01610,AGGGAGGACAGC,Human,,,,
SCLUNG_NEXT6,sclung_sclungnext6,,scrnaseq_lungadeno_pt_samples,D3_B003577,D3_B003577,Ashley,CZB-NXT-i7-01995-CZB-NXT-i5-01611,CCCTGAACCAGC,CZB-NXT-i7-01995-CZB-NXT-i5-01611,TGGTCTTCATTC,Human,,,,
SCLUNG_NEXT6,sclung_sclungnext6,,scrnaseq_lungadeno_pt_samples,D4_B003577,D4_B003577,Ashley,CZB-NXT-i7-01996-CZB-NXT-i5-01612,GGTTCCCGAGAC,CZB-NXT-i7-01996-CZB-NXT-i5-01612,CCCGAGTTGGTT,Human,,,,
SCLUNG_NEXT6,sclung_sclungnext6,,scrnaseq_lungadeno_pt_samples,D5_B003577,D5_B003577,Ashley,CZB-NXT-i7-01997-CZB-NXT-i5-01613,TCTGATTGGTGG,CZB-NXT-i7-01997-CZB-NXT-i5-01613,CAGCGGACCATA,Human,,,,
SCLUNG_NEXT6,sclung_sclungnext6,,scrnaseq_lungadeno_pt_samples,D6_B003577,D6_B003577,Ashley,CZB-NXT-i7-01998-CZB-NXT-i5-01614,TACTGAATAGGG,CZB-NXT-i7-01998-CZB-NXT-i5-01614,GCGTTCTGTTGC,Human,,,,
SCLUNG_NEXT6,sclung_sclungnext6,,scrnaseq_lungadeno_pt_samples,D7_B003577,D7_B003577,Ashley,CZB-NXT-i7-01999-CZB-NXT-i5-01615,TTCTGTGTAATC,CZB-NXT-i7-01999-CZB-NXT-i5-01615,TGATAGGTGCCC,Human,,,,
SCLUNG_NEXT6,sclung_sclungnext6,,scrnaseq_lungadeno_pt_samples,D8_B003577,D8_B003577,Ashley,CZB-NXT-i7-02000-CZB-NXT-i5-01616,TATTACAAGCGT,CZB-NXT-i7-02000-CZB-NXT-i5-01616,AACTTCTCACGA,Human,,,,
SCLUNG_NEXT6,sclung_sclungnext6,,scrnaseq_lungadeno_pt_samples,D9_B003577,D9_B003577,Ashley,CZB-NXT-i7-02001-CZB-NXT-i5-01617,TGGATGCCATAA,CZB-NXT-i7-02001-CZB-NXT-i5-01617,CCCAGTGTCGCC,Human,,,,
SCLUNG_NEXT6,sclung_sclungnext6,,scrnaseq_lungadeno_pt_samples,D10_B003577,D10_B003577,Ashley,CZB-NXT-i7-02002-CZB-NXT-i5-01618,TTCAATGGACCG,CZB-NXT-i7-02002-CZB-NXT-i5-01618,TTTGTTGATGAA,Human,,,,
SCLUNG_NEXT6,sclung_sclungnext6,,scrnaseq_lungadeno_pt_samples,D11_B003577,D11_B003577,Ashley,CZB-NXT-i7-02003-CZB-NXT-i5-01619,GGTAGATTCTCA,CZB-NXT-i7-02003-CZB-NXT-i5-01619,TGCTATTTCTAT,Human,,,,
SCLUNG_NEXT6,sclung_sclungnext6,,scrnaseq_lungadeno_pt_samples,D12_B003577,D12_B003577,Ashley,CZB-NXT-i7-02004-CZB-NXT-i5-01620,CTACCCTTCTGC,CZB-NXT-i7-02004-CZB-NXT-i5-01620,CTTTGCCTAATA,Human,,,,
SCLUNG_NEXT6,sclung_sclungnext6,,scrnaseq_lungadeno_pt_samples,D13_B003577,D13_B003577,Ashley,CZB-NXT-i7-02005-CZB-NXT-i5-01621,TCATTAGAGAAG,CZB-NXT-i7-02005-CZB-NXT-i5-01621,CGGGCTCTTGCG,Human,,,,
SCLUNG_NEXT6,sclung_sclungnext6,,scrnaseq_lungadeno_pt_samples,D14_B003577,D14_B003577,Ashley,CZB-NXT-i7-02006-CZB-NXT-i5-01622,CTGACCGTATGA,CZB-NXT-i7-02006-CZB-NXT-i5-01622,CAGAATCTCAGT,Human,,,,
SCLUNG_NEXT6,sclung_sclungnext6,,scrnaseq_lungadeno_pt_samples,D15_B003577,D15_B003577,Ashley,CZB-NXT-i7-02007-CZB-NXT-i5-01623,TGGGCTTTCCAT,CZB-NXT-i7-02007-CZB-NXT-i5-01623,TTCTAAAGCCCA,Human,,,,
SCLUNG_NEXT6,sclung_sclungnext6,,scrnaseq_lungadeno_pt_samples,D16_B003577,D16_B003577,Ashley,CZB-NXT-i7-02008-CZB-NXT-i5-01624,TCTGTAGTTTCA,CZB-NXT-i7-02008-CZB-NXT-i5-01624,CCTCTCCCGACT,Human,,,,
SCLUNG_NEXT6,sclung_sclungnext6,,scrnaseq_lungadeno_pt_samples,D17_B003577,D17_B003577,Ashley,CZB-NXT-i7-02009-CZB-NXT-i5-01625,TGTAGAGTCGGA,CZB-NXT-i7-02009-CZB-NXT-i5-01625,AACTTGGAAGAC,Human,,,,
SCLUNG_NEXT6,sclung_sclungnext6,,scrnaseq_lungadeno_pt_samples,D18_B003577,D18_B003577,Ashley,CZB-NXT-i7-02010-CZB-NXT-i5-01626,TTACTGTCCTGC,CZB-NXT-i7-02010-CZB-NXT-i5-01626,TGAAGGCTGCGG,Human,,,,
SCLUNG_NEXT6,sclung_sclungnext6,,scrnaseq_lungadeno_pt_samples,D19_B003577,D19_B003577,Ashley,CZB-NXT-i7-02011-CZB-NXT-i5-01627,TTGTGGCGGTCC,CZB-NXT-i7-02011-CZB-NXT-i5-01627,TATTAGGCGTGC,Human,,,,
SCLUNG_NEXT6,sclung_sclungnext6,,scrnaseq_lungadeno_pt_samples,D20_B003577,D20_B003577,Ashley,CZB-NXT-i7-02012-CZB-NXT-i5-01628,TAATCTTACTGT,CZB-NXT-i7-02012-CZB-NXT-i5-01628,ATACTCCTGTGG,Human,,,,
SCLUNG_NEXT6,sclung_sclungnext6,,scrnaseq_lungadeno_pt_samples,D21_B003577,D21_B003577,Ashley,CZB-NXT-i7-02013-CZB-NXT-i5-01629,TTCCTCTACATT,CZB-NXT-i7-02013-CZB-NXT-i5-01629,TAGCGTCATTGA,Human,,,,
SCLUNG_NEXT6,sclung_sclungnext6,,scrnaseq_lungadeno_pt_samples,D22_B003577,D22_B003577,Ashley,CZB-NXT-i7-02014-CZB-NXT-i5-01630,GAACTCATACTG,CZB-NXT-i7-02014-CZB-NXT-i5-01630,ACCAGACGGCTT,Human,,,,
SCLUNG_NEXT6,sclung_sclungnext6,,scrnaseq_lungadeno_pt_samples,D23_B003577,D23_B003577,Ashley,CZB-NXT-i7-02015-CZB-NXT-i5-01631,CACGAATCAATG,CZB-NXT-i7-02015-CZB-NXT-i5-01631,TCGCCGCCGAGA,Human,,,,
SCLUNG_NEXT6,sclung_sclungnext6,,scrnaseq_lungadeno_pt_samples,D24_B003577,D24_B003577,Ashley,CZB-NXT-i7-02016-CZB-NXT-i5-01632,TCCAGGACCTTG,CZB-NXT-i7-02016-CZB-NXT-i5-01632,TTCCCTTGGGCA,Human,,,,
SCLUNG_NEXT6,sclung_sclungnext6,,scrnaseq_lungadeno_pt_samples,E1_B003577,E1_B003577,Ashley,CZB-NXT-i7-02017-CZB-NXT-i5-01633,CTGTGATAGTAT,CZB-NXT-i7-02017-CZB-NXT-i5-01633,GTAACACGGCGA,Human,,,,
SCLUNG_NEXT6,sclung_sclungnext6,,scrnaseq_lungadeno_pt_samples,E2_B003577,E2_B003577,Ashley,CZB-NXT-i7-02018-CZB-NXT-i5-01634,TTTAGAAACGAA,CZB-NXT-i7-02018-CZB-NXT-i5-01634,GGTCCGCACACC,Human,,,,
SCLUNG_NEXT6,sclung_sclungnext6,,scrnaseq_lungadeno_pt_samples,E3_B003577,E3_B003577,Ashley,CZB-NXT-i7-02019-CZB-NXT-i5-01635,GGGCATCGGTGT,CZB-NXT-i7-02019-CZB-NXT-i5-01635,TCATAATGTGTC,Human,,,,
SCLUNG_NEXT6,sclung_sclungnext6,,scrnaseq_lungadeno_pt_samples,E4_B003577,E4_B003577,Ashley,CZB-NXT-i7-02020-CZB-NXT-i5-01636,GTAAAGCCCAGT,CZB-NXT-i7-02020-CZB-NXT-i5-01636,GGTCACCGTCCA,Human,,,,
SCLUNG_NEXT6,sclung_sclungnext6,,scrnaseq_lungadeno_pt_samples,E5_B003577,E5_B003577,Ashley,CZB-NXT-i7-02021-CZB-NXT-i5-01637,CTCCAGACCGCC,CZB-NXT-i7-02021-CZB-NXT-i5-01637,CCCTGGGCGTTC,Human,,,,
SCLUNG_NEXT6,sclung_sclungnext6,,scrnaseq_lungadeno_pt_samples,E6_B003577,E6_B003577,Ashley,CZB-NXT-i7-02022-CZB-NXT-i5-01638,TTTGGCACGGGA,CZB-NXT-i7-02022-CZB-NXT-i5-01638,TGTATCTTCGTC,Human,,,,
SCLUNG_NEXT6,sclung_sclungnext6,,scrnaseq_lungadeno_pt_samples,E7_B003577,E7_B003577,Ashley,CZB-NXT-i7-02023-CZB-NXT-i5-01639,ACGGTTCAGTAG,CZB-NXT-i7-02023-CZB-NXT-i5-01639,GAGTGTTGCTGG,Human,,,,
SCLUNG_NEXT6,sclung_sclungnext6,,scrnaseq_lungadeno_pt_samples,E8_B003577,E8_B003577,Ashley,CZB-NXT-i7-02024-CZB-NXT-i5-01640,TCTAAGGGTTTC,CZB-NXT-i7-02024-CZB-NXT-i5-01640,TAGGGTGCTGCC,Human,,,,
SCLUNG_NEXT6,sclung_sclungnext6,,scrnaseq_lungadeno_pt_samples,E9_B003577,E9_B003577,Ashley,CZB-NXT-i7-02025-CZB-NXT-i5-01641,CGGAGGTTCAGG,CZB-NXT-i7-02025-CZB-NXT-i5-01641,GTCATCGTATGT,Human,,,,
SCLUNG_NEXT6,sclung_sclungnext6,,scrnaseq_lungadeno_pt_samples,E10_B003577,E10_B003577,Ashley,CZB-NXT-i7-02026-CZB-NXT-i5-01642,TTGCCGTCCAAG,CZB-NXT-i7-02026-CZB-NXT-i5-01642,TTTACGGATTCA,Human,,,,
SCLUNG_NEXT6,sclung_sclungnext6,,scrnaseq_lungadeno_pt_samples,E11_B003577,E11_B003577,Ashley,CZB-NXT-i7-02027-CZB-NXT-i5-01643,TCCCTTCCTTCC,CZB-NXT-i7-02027-CZB-NXT-i5-01643,GTGTGTGGGTCA,Human,,,,
SCLUNG_NEXT6,sclung_sclungnext6,,scrnaseq_lungadeno_pt_samples,E12_B003577,E12_B003577,Ashley,CZB-NXT-i7-02028-CZB-NXT-i5-01644,AGTCGGCAGGGA,CZB-NXT-i7-02028-CZB-NXT-i5-01644,CACTGAAAGCCG,Human,,,,
SCLUNG_NEXT6,sclung_sclungnext6,,scrnaseq_lungadeno_pt_samples,E13_B003577,E13_B003577,Ashley,CZB-NXT-i7-02029-CZB-NXT-i5-01645,CCGAATCTACGC,CZB-NXT-i7-02029-CZB-NXT-i5-01645,ATGACCGTAGTT,Human,,,,
SCLUNG_NEXT6,sclung_sclungnext6,,scrnaseq_lungadeno_pt_samples,E14_B003577,E14_B003577,Ashley,CZB-NXT-i7-02030-CZB-NXT-i5-01646,CATCAAACCCTC,CZB-NXT-i7-02030-CZB-NXT-i5-01646,CTGTCTGCCCAG,Human,,,,
SCLUNG_NEXT6,sclung_sclungnext6,,scrnaseq_lungadeno_pt_samples,E15_B003577,E15_B003577,Ashley,CZB-NXT-i7-02031-CZB-NXT-i5-01647,TACAGCCGCTCC,CZB-NXT-i7-02031-CZB-NXT-i5-01647,TTTCTGTATTGT,Human,,,,
SCLUNG_NEXT6,sclung_sclungnext6,,scrnaseq_lungadeno_pt_samples,E16_B003577,E16_B003577,Ashley,CZB-NXT-i7-02032-CZB-NXT-i5-01648,GTGGCATCGTCA,CZB-NXT-i7-02032-CZB-NXT-i5-01648,CGCTTGGCTTTA,Human,,,,
SCLUNG_NEXT6,sclung_sclungnext6,,scrnaseq_lungadeno_pt_samples,E17_B003577,E17_B003577,Ashley,CZB-NXT-i7-02033-CZB-NXT-i5-01649,TCCCGTAGTAAC,CZB-NXT-i7-02033-CZB-NXT-i5-01649,GGAATCTTCTAC,Human,,,,
SCLUNG_NEXT6,sclung_sclungnext6,,scrnaseq_lungadeno_pt_samples,E18_B003577,E18_B003577,Ashley,CZB-NXT-i7-02034-CZB-NXT-i5-01650,TCATCTCGTGTT,CZB-NXT-i7-02034-CZB-NXT-i5-01650,TAGTGTTCGTGC,Human,,,,
SCLUNG_NEXT6,sclung_sclungnext6,,scrnaseq_lungadeno_pt_samples,E19_B003577,E19_B003577,Ashley,CZB-NXT-i7-02035-CZB-NXT-i5-01651,GCACCGAGGTTC,CZB-NXT-i7-02035-CZB-NXT-i5-01651,CTAAGCGGGCTC,Human,,,,
SCLUNG_NEXT6,sclung_sclungnext6,,scrnaseq_lungadeno_pt_samples,E20_B003577,E20_B003577,Ashley,CZB-NXT-i7-02036-CZB-NXT-i5-01652,GGGACGCTTTGC,CZB-NXT-i7-02036-CZB-NXT-i5-01652,TGCTTCTGAGAT,Human,,,,
SCLUNG_NEXT6,sclung_sclungnext6,,scrnaseq_lungadeno_pt_samples,E21_B003577,E21_B003577,Ashley,CZB-NXT-i7-02037-CZB-NXT-i5-01653,CACCCATCTGTC,CZB-NXT-i7-02037-CZB-NXT-i5-01653,GTCGGGTCATTT,Human,,,,
SCLUNG_NEXT6,sclung_sclungnext6,,scrnaseq_lungadeno_pt_samples,E22_B003577,E22_B003577,Ashley,CZB-NXT-i7-02038-CZB-NXT-i5-01654,CCAGGGACTGCG,CZB-NXT-i7-02038-CZB-NXT-i5-01654,AACCATTGACGG,Human,,,,
SCLUNG_NEXT6,sclung_sclungnext6,,scrnaseq_lungadeno_pt_samples,E23_B003577,E23_B003577,Ashley,CZB-NXT-i7-02039-CZB-NXT-i5-01655,TGTGATTCCTTT,CZB-NXT-i7-02039-CZB-NXT-i5-01655,CCGCTGCTCTCC,Human,,,,
SCLUNG_NEXT6,sclung_sclungnext6,,scrnaseq_lungadeno_pt_samples,E24_B003577,E24_B003577,Ashley,CZB-NXT-i7-02040-CZB-NXT-i5-01656,TGGTGATAAATC,CZB-NXT-i7-02040-CZB-NXT-i5-01656,CCATACTGGATA,Human,,,,
SCLUNG_NEXT6,sclung_sclungnext6,,scrnaseq_lungadeno_pt_samples,F1_B003577,F1_B003577,Ashley,CZB-NXT-i7-02041-CZB-NXT-i5-01657,CAACAGGAACTG,CZB-NXT-i7-02041-CZB-NXT-i5-01657,GCAGTCGTGCGG,Human,,,,
SCLUNG_NEXT6,sclung_sclungnext6,,scrnaseq_lungadeno_pt_samples,F2_B003577,F2_B003577,Ashley,CZB-NXT-i7-02042-CZB-NXT-i5-01658,TAAATGAATACC,CZB-NXT-i7-02042-CZB-NXT-i5-01658,GATGCGTAGACC,Human,,,,
SCLUNG_NEXT6,sclung_sclungnext6,,scrnaseq_lungadeno_pt_samples,F3_B003577,F3_B003577,Ashley,CZB-NXT-i7-02043-CZB-NXT-i5-01659,ATCGCTTCAACC,CZB-NXT-i7-02043-CZB-NXT-i5-01659,TACTCGCCGTTA,Human,,,,
SCLUNG_NEXT6,sclung_sclungnext6,,scrnaseq_lungadeno_pt_samples,F4_B003577,F4_B003577,Ashley,CZB-NXT-i7-02044-CZB-NXT-i5-01660,AAGAATCAGACG,CZB-NXT-i7-02044-CZB-NXT-i5-01660,TAGAGCCGATTA,Human,,,,
SCLUNG_NEXT6,sclung_sclungnext6,,scrnaseq_lungadeno_pt_samples,F5_B003577,F5_B003577,Ashley,CZB-NXT-i7-02045-CZB-NXT-i5-01661,TAGACCGAGAGT,CZB-NXT-i7-02045-CZB-NXT-i5-01661,TTGTTACCAAGC,Human,,,,
SCLUNG_NEXT6,sclung_sclungnext6,,scrnaseq_lungadeno_pt_samples,F6_B003577,F6_B003577,Ashley,CZB-NXT-i7-02046-CZB-NXT-i5-01662,TAGGAACGGGCT,CZB-NXT-i7-02046-CZB-NXT-i5-01662,TCCCGAGCCTCC,Human,,,,
SCLUNG_NEXT6,sclung_sclungnext6,,scrnaseq_lungadeno_pt_samples,F7_B003577,F7_B003577,Ashley,CZB-NXT-i7-02047-CZB-NXT-i5-01663,TTCCTGAATAAG,CZB-NXT-i7-02047-CZB-NXT-i5-01663,TTCCCAGAACAC,Human,,,,
SCLUNG_NEXT6,sclung_sclungnext6,,scrnaseq_lungadeno_pt_samples,F8_B003577,F8_B003577,Ashley,CZB-NXT-i7-02048-CZB-NXT-i5-01664,TGGCTTCAAGAC,CZB-NXT-i7-02048-CZB-NXT-i5-01664,TTTCCCTGTTGC,Human,,,,
SCLUNG_NEXT6,sclung_sclungnext6,,scrnaseq_lungadeno_pt_samples,F9_B003577,F9_B003577,Ashley,CZB-NXT-i7-02049-CZB-NXT-i5-01665,CGGGACGCAGAC,CZB-NXT-i7-02049-CZB-NXT-i5-01665,CATACTGGTTTG,Human,,,,
SCLUNG_NEXT6,sclung_sclungnext6,,scrnaseq_lungadeno_pt_samples,F10_B003577,F10_B003577,Ashley,CZB-NXT-i7-02050-CZB-NXT-i5-01666,CTCCCAGTTGAT,CZB-NXT-i7-02050-CZB-NXT-i5-01666,AACTTACGACTA,Human,,,,
SCLUNG_NEXT6,sclung_sclungnext6,,scrnaseq_lungadeno_pt_samples,F11_B003577,F11_B003577,Ashley,CZB-NXT-i7-02051-CZB-NXT-i5-01667,AGGGTTGGGAAC,CZB-NXT-i7-02051-CZB-NXT-i5-01667,ACCTATCAACCA,Human,,,,
SCLUNG_NEXT6,sclung_sclungnext6,,scrnaseq_lungadeno_pt_samples,F12_B003577,F12_B003577,Ashley,CZB-NXT-i7-02052-CZB-NXT-i5-01668,TGCCTTGACGAT,CZB-NXT-i7-02052-CZB-NXT-i5-01668,ACGACCAGCGTT,Human,,,,
SCLUNG_NEXT6,sclung_sclungnext6,,scrnaseq_lungadeno_pt_samples,F13_B003577,F13_B003577,Ashley,CZB-NXT-i7-02053-CZB-NXT-i5-01669,CGAGTTGTTATT,CZB-NXT-i7-02053-CZB-NXT-i5-01669,GGTCTTGTATCG,Human,,,,
SCLUNG_NEXT6,sclung_sclungnext6,,scrnaseq_lungadeno_pt_samples,F14_B003577,F14_B003577,Ashley,CZB-NXT-i7-02054-CZB-NXT-i5-01670,TCTTTCGCCCGC,CZB-NXT-i7-02054-CZB-NXT-i5-01670,TGATACTGTAGA,Human,,,,
SCLUNG_NEXT6,sclung_sclungnext6,,scrnaseq_lungadeno_pt_samples,F15_B003577,F15_B003577,Ashley,CZB-NXT-i7-02055-CZB-NXT-i5-01671,GCAGTAACATAC,CZB-NXT-i7-02055-CZB-NXT-i5-01671,GCTGATACCTAC,Human,,,,
SCLUNG_NEXT6,sclung_sclungnext6,,scrnaseq_lungadeno_pt_samples,F16_B003577,F16_B003577,Ashley,CZB-NXT-i7-02056-CZB-NXT-i5-01672,CTGTGGGTCAGA,CZB-NXT-i7-02056-CZB-NXT-i5-01672,TGCGGGTTACAT,Human,,,,
SCLUNG_NEXT6,sclung_sclungnext6,,scrnaseq_lungadeno_pt_samples,F17_B003577,F17_B003577,Ashley,CZB-NXT-i7-02057-CZB-NXT-i5-01673,TTATCGCAGCCG,CZB-NXT-i7-02057-CZB-NXT-i5-01673,TATCTGCGGAGA,Human,,,,
SCLUNG_NEXT6,sclung_sclungnext6,,scrnaseq_lungadeno_pt_samples,F18_B003577,F18_B003577,Ashley,CZB-NXT-i7-02058-CZB-NXT-i5-01674,TCAGATTGTCAT,CZB-NXT-i7-02058-CZB-NXT-i5-01674,TTCCCAACGAAC,Human,,,,
SCLUNG_NEXT6,sclung_sclungnext6,,scrnaseq_lungadeno_pt_samples,F19_B003577,F19_B003577,Ashley,CZB-NXT-i7-02059-CZB-NXT-i5-01675,TGTGTGTTAGGA,CZB-NXT-i7-02059-CZB-NXT-i5-01675,TTTGTCACTGTC,Human,,,,
SCLUNG_NEXT6,sclung_sclungnext6,,scrnaseq_lungadeno_pt_samples,F20_B003577,F20_B003577,Ashley,CZB-NXT-i7-02060-CZB-NXT-i5-01676,AAGCCGAGGTCA,CZB-NXT-i7-02060-CZB-NXT-i5-01676,TGGTTGTTACAC,Human,,,,
SCLUNG_NEXT6,sclung_sclungnext6,,scrnaseq_lungadeno_pt_samples,F21_B003577,F21_B003577,Ashley,CZB-NXT-i7-02061-CZB-NXT-i5-01677,AGTTCTCGCTTA,CZB-NXT-i7-02061-CZB-NXT-i5-01677,GGGTCACATCAG,Human,,,,
SCLUNG_NEXT6,sclung_sclungnext6,,scrnaseq_lungadeno_pt_samples,F22_B003577,F22_B003577,Ashley,CZB-NXT-i7-02062-CZB-NXT-i5-01678,CGCATAATGTCG,CZB-NXT-i7-02062-CZB-NXT-i5-01678,TACGCAAAGTGT,Human,,,,
SCLUNG_NEXT6,sclung_sclungnext6,,scrnaseq_lungadeno_pt_samples,F23_B003577,F23_B003577,Ashley,CZB-NXT-i7-02063-CZB-NXT-i5-01679,TTAGCCTGGTGG,CZB-NXT-i7-02063-CZB-NXT-i5-01679,GCACTCAGACAT,Human,,,,
SCLUNG_NEXT6,sclung_sclungnext6,,scrnaseq_lungadeno_pt_samples,F24_B003577,F24_B003577,Ashley,CZB-NXT-i7-02064-CZB-NXT-i5-01680,TAGTGGCGAACT,CZB-NXT-i7-02064-CZB-NXT-i5-01680,GCAAGATTTAGC,Human,,,,
SCLUNG_NEXT6,sclung_sclungnext6,,scrnaseq_lungadeno_pt_samples,G1_B003577,G1_B003577,Ashley,CZB-NXT-i7-02065-CZB-NXT-i5-01681,TGCTGGGCACTG,CZB-NXT-i7-02065-CZB-NXT-i5-01681,ACCAACGCTCCA,Human,,,,
SCLUNG_NEXT6,sclung_sclungnext6,,scrnaseq_lungadeno_pt_samples,G2_B003577,G2_B003577,Ashley,CZB-NXT-i7-02066-CZB-NXT-i5-01682,CCAAAGTCCATA,CZB-NXT-i7-02066-CZB-NXT-i5-01682,TTCACGATAAAC,Human,,,,
SCLUNG_NEXT6,sclung_sclungnext6,,scrnaseq_lungadeno_pt_samples,G3_B003577,G3_B003577,Ashley,CZB-NXT-i7-02067-CZB-NXT-i5-01683,TTAGGTCGTGAG,CZB-NXT-i7-02067-CZB-NXT-i5-01683,CCCTGTCAAATC,Human,,,,
SCLUNG_NEXT6,sclung_sclungnext6,,scrnaseq_lungadeno_pt_samples,G4_B003577,G4_B003577,Ashley,CZB-NXT-i7-02068-CZB-NXT-i5-01684,GCGAGGTAGGCG,CZB-NXT-i7-02068-CZB-NXT-i5-01684,ATGGGTTCACAC,Human,,,,
SCLUNG_NEXT6,sclung_sclungnext6,,scrnaseq_lungadeno_pt_samples,G5_B003577,G5_B003577,Ashley,CZB-NXT-i7-02069-CZB-NXT-i5-01685,TTACCTTCTGTA,CZB-NXT-i7-02069-CZB-NXT-i5-01685,TGATAAACCAAC,Human,,,,
SCLUNG_NEXT6,sclung_sclungnext6,,scrnaseq_lungadeno_pt_samples,G6_B003577,G6_B003577,Ashley,CZB-NXT-i7-02070-CZB-NXT-i5-01686,TACCCTTGCTCG,CZB-NXT-i7-02070-CZB-NXT-i5-01686,AATCCGCCCAAG,Human,,,,
SCLUNG_NEXT6,sclung_sclungnext6,,scrnaseq_lungadeno_pt_samples,G7_B003577,G7_B003577,Ashley,CZB-NXT-i7-02071-CZB-NXT-i5-01687,TACACGCCGCAG,CZB-NXT-i7-02071-CZB-NXT-i5-01687,GGGTGAAAGATG,Human,,,,
SCLUNG_NEXT6,sclung_sclungnext6,,scrnaseq_lungadeno_pt_samples,G8_B003577,G8_B003577,Ashley,CZB-NXT-i7-02072-CZB-NXT-i5-01688,TAAGTAGGCGAA,CZB-NXT-i7-02072-CZB-NXT-i5-01688,CCATAATCCCAT,Human,,,,
SCLUNG_NEXT6,sclung_sclungnext6,,scrnaseq_lungadeno_pt_samples,G9_B003577,G9_B003577,Ashley,CZB-NXT-i7-02073-CZB-NXT-i5-01689,TTGACTATTATG,CZB-NXT-i7-02073-CZB-NXT-i5-01689,TCACGAAGGTCG,Human,,,,
SCLUNG_NEXT6,sclung_sclungnext6,,scrnaseq_lungadeno_pt_samples,G10_B003577,G10_B003577,Ashley,CZB-NXT-i7-02074-CZB-NXT-i5-01690,GTCACTTGTAAC,CZB-NXT-i7-02074-CZB-NXT-i5-01690,TTTACAACACTG,Human,,,,
SCLUNG_NEXT6,sclung_sclungnext6,,scrnaseq_lungadeno_pt_samples,G11_B003577,G11_B003577,Ashley,CZB-NXT-i7-02075-CZB-NXT-i5-01691,CCCGTCACAGCC,CZB-NXT-i7-02075-CZB-NXT-i5-01691,TAGCGAATCTCC,Human,,,,
SCLUNG_NEXT6,sclung_sclungnext6,,scrnaseq_lungadeno_pt_samples,G12_B003577,G12_B003577,Ashley,CZB-NXT-i7-02076-CZB-NXT-i5-01692,CGGAGTTCTATC,CZB-NXT-i7-02076-CZB-NXT-i5-01692,TACAAAGTTCCT,Human,,,,
SCLUNG_NEXT6,sclung_sclungnext6,,scrnaseq_lungadeno_pt_samples,G13_B003577,G13_B003577,Ashley,CZB-NXT-i7-02077-CZB-NXT-i5-01693,CAGCCATTTAGC,CZB-NXT-i7-02077-CZB-NXT-i5-01693,TACGGCTATTTG,Human,,,,
SCLUNG_NEXT6,sclung_sclungnext6,,scrnaseq_lungadeno_pt_samples,G14_B003577,G14_B003577,Ashley,CZB-NXT-i7-02078-CZB-NXT-i5-01694,CGGGACAACAAT,CZB-NXT-i7-02078-CZB-NXT-i5-01694,GGGTAGCGTGGA,Human,,,,
SCLUNG_NEXT6,sclung_sclungnext6,,scrnaseq_lungadeno_pt_samples,G15_B003577,G15_B003577,Ashley,CZB-NXT-i7-02079-CZB-NXT-i5-01695,CCGTAAACTGGT,CZB-NXT-i7-02079-CZB-NXT-i5-01695,CCTTCCTAATGT,Human,,,,
SCLUNG_NEXT6,sclung_sclungnext6,,scrnaseq_lungadeno_pt_samples,G16_B003577,G16_B003577,Ashley,CZB-NXT-i7-02080-CZB-NXT-i5-01696,TCCCGCTATCAC,CZB-NXT-i7-02080-CZB-NXT-i5-01696,TGCTCGGTGACA,Human,,,,
SCLUNG_NEXT6,sclung_sclungnext6,,scrnaseq_lungadeno_pt_samples,G17_B003577,G17_B003577,Ashley,CZB-NXT-i7-02081-CZB-NXT-i5-01697,GCTCTTCTAACT,CZB-NXT-i7-02081-CZB-NXT-i5-01697,CCCTTCAGCGAG,Human,,,,
SCLUNG_NEXT6,sclung_sclungnext6,,scrnaseq_lungadeno_pt_samples,G18_B003577,G18_B003577,Ashley,CZB-NXT-i7-02082-CZB-NXT-i5-01698,TGTCGGTCAAAG,CZB-NXT-i7-02082-CZB-NXT-i5-01698,TCTCGTAGGATA,Human,,,,
SCLUNG_NEXT6,sclung_sclungnext6,,scrnaseq_lungadeno_pt_samples,G19_B003577,G19_B003577,Ashley,CZB-NXT-i7-02083-CZB-NXT-i5-01699,TTTGTTCACCAT,CZB-NXT-i7-02083-CZB-NXT-i5-01699,ATTGCGTCATAA,Human,,,,
SCLUNG_NEXT6,sclung_sclungnext6,,scrnaseq_lungadeno_pt_samples,G20_B003577,G20_B003577,Ashley,CZB-NXT-i7-02084-CZB-NXT-i5-01700,GACTGGTAGTTC,CZB-NXT-i7-02084-CZB-NXT-i5-01700,AGTATTTACGCT,Human,,,,
SCLUNG_NEXT6,sclung_sclungnext6,,scrnaseq_lungadeno_pt_samples,G21_B003577,G21_B003577,Ashley,CZB-NXT-i7-02085-CZB-NXT-i5-01701,GGATTCCGAAGT,CZB-NXT-i7-02085-CZB-NXT-i5-01701,GGTCTCCGTAGG,Human,,,,
SCLUNG_NEXT6,sclung_sclungnext6,,scrnaseq_lungadeno_pt_samples,G22_B003577,G22_B003577,Ashley,CZB-NXT-i7-02086-CZB-NXT-i5-01702,GAAGTAGTTTCT,CZB-NXT-i7-02086-CZB-NXT-i5-01702,TGTTCAGCATTG,Human,,,,
SCLUNG_NEXT6,sclung_sclungnext6,,scrnaseq_lungadeno_pt_samples,G23_B003577,G23_B003577,Ashley,CZB-NXT-i7-02087-CZB-NXT-i5-01703,AGCAGTCTGGAC,CZB-NXT-i7-02087-CZB-NXT-i5-01703,TTACGAACTGGC,Human,,,,
SCLUNG_NEXT6,sclung_sclungnext6,,scrnaseq_lungadeno_pt_samples,G24_B003577,G24_B003577,Ashley,CZB-NXT-i7-02088-CZB-NXT-i5-01704,GGCTCTTAGTCA,CZB-NXT-i7-02088-CZB-NXT-i5-01704,TGCGTATTCGTT,Human,,,,
SCLUNG_NEXT6,sclung_sclungnext6,,scrnaseq_lungadeno_pt_samples,H1_B003577,H1_B003577,Ashley,CZB-NXT-i7-02089-CZB-NXT-i5-01705,TACATCAACCAC,CZB-NXT-i7-02089-CZB-NXT-i5-01705,AGATACGGGACG,Human,,,,
SCLUNG_NEXT6,sclung_sclungnext6,,scrnaseq_lungadeno_pt_samples,H2_B003577,H2_B003577,Ashley,CZB-NXT-i7-02090-CZB-NXT-i5-01706,CTTACGGGTTGT,CZB-NXT-i7-02090-CZB-NXT-i5-01706,TCGCTATGTTTC,Human,,,,
SCLUNG_NEXT6,sclung_sclungnext6,,scrnaseq_lungadeno_pt_samples,H3_B003577,H3_B003577,Ashley,CZB-NXT-i7-02091-CZB-NXT-i5-01707,ACCCGAGGGATA,CZB-NXT-i7-02091-CZB-NXT-i5-01707,TTAGAGGTCTTA,Human,,,,
SCLUNG_NEXT6,sclung_sclungnext6,,scrnaseq_lungadeno_pt_samples,H4_B003577,H4_B003577,Ashley,CZB-NXT-i7-02092-CZB-NXT-i5-01708,GTGATTCATTGG,CZB-NXT-i7-02092-CZB-NXT-i5-01708,TTTGGAGGAAGA,Human,,,,
SCLUNG_NEXT6,sclung_sclungnext6,,scrnaseq_lungadeno_pt_samples,H5_B003577,H5_B003577,Ashley,CZB-NXT-i7-02093-CZB-NXT-i5-01709,CCTCAATACGGA,CZB-NXT-i7-02093-CZB-NXT-i5-01709,CAGTATTGAACG,Human,,,,
SCLUNG_NEXT6,sclung_sclungnext6,,scrnaseq_lungadeno_pt_samples,H6_B003577,H6_B003577,Ashley,CZB-NXT-i7-02094-CZB-NXT-i5-01710,GGCGACATACAT,CZB-NXT-i7-02094-CZB-NXT-i5-01710,GGGCGAACGCAA,Human,,,,
SCLUNG_NEXT6,sclung_sclungnext6,,scrnaseq_lungadeno_pt_samples,H7_B003577,H7_B003577,Ashley,CZB-NXT-i7-02095-CZB-NXT-i5-01711,TCGCTACTACAT,CZB-NXT-i7-02095-CZB-NXT-i5-01711,CCCACGATTTGT,Human,,,,
SCLUNG_NEXT6,sclung_sclungnext6,,scrnaseq_lungadeno_pt_samples,H8_B003577,H8_B003577,Ashley,CZB-NXT-i7-02096-CZB-NXT-i5-01712,TCTTACGGTCCA,CZB-NXT-i7-02096-CZB-NXT-i5-01712,GGAGTTTCGGAA,Human,,,,
SCLUNG_NEXT6,sclung_sclungnext6,,scrnaseq_lungadeno_pt_samples,H9_B003577,H9_B003577,Ashley,CZB-NXT-i7-02097-CZB-NXT-i5-01713,CGGTTTACATCG,CZB-NXT-i7-02097-CZB-NXT-i5-01713,TCCCATCGTTGG,Human,,,,
SCLUNG_NEXT6,sclung_sclungnext6,,scrnaseq_lungadeno_pt_samples,H10_B003577,H10_B003577,Ashley,CZB-NXT-i7-02098-CZB-NXT-i5-01714,CGATGTTCTGCC,CZB-NXT-i7-02098-CZB-NXT-i5-01714,TTCCCAAGACGA,Human,,,,
SCLUNG_NEXT6,sclung_sclungnext6,,scrnaseq_lungadeno_pt_samples,H11_B003577,H11_B003577,Ashley,CZB-NXT-i7-02099-CZB-NXT-i5-01715,CCTCACTCGTCA,CZB-NXT-i7-02099-CZB-NXT-i5-01715,TTTGTCAATAGT,Human,,,,
SCLUNG_NEXT6,sclung_sclungnext6,,scrnaseq_lungadeno_pt_samples,H12_B003577,H12_B003577,Ashley,CZB-NXT-i7-02100-CZB-NXT-i5-01716,CGGGCTTAGGTC,CZB-NXT-i7-02100-CZB-NXT-i5-01716,AACGCCTACCTA,Human,,,,
SCLUNG_NEXT6,sclung_sclungnext6,,scrnaseq_lungadeno_pt_samples,H13_B003577,H13_B003577,Ashley,CZB-NXT-i7-02101-CZB-NXT-i5-01717,AACGACGAGCAA,CZB-NXT-i7-02101-CZB-NXT-i5-01717,TTCGTGTGCTTT,Human,,,,
SCLUNG_NEXT6,sclung_sclungnext6,,scrnaseq_lungadeno_pt_samples,H14_B003577,H14_B003577,Ashley,CZB-NXT-i7-02102-CZB-NXT-i5-01718,CGGTAAGGTATT,CZB-NXT-i7-02102-CZB-NXT-i5-01718,TAGCGATTTACA,Human,,,,
SCLUNG_NEXT6,sclung_sclungnext6,,scrnaseq_lungadeno_pt_samples,H15_B003577,H15_B003577,Ashley,CZB-NXT-i7-02103-CZB-NXT-i5-01719,GTGTAGTGATAC,CZB-NXT-i7-02103-CZB-NXT-i5-01719,TCACCCTACGAA,Human,,,,
SCLUNG_NEXT6,sclung_sclungnext6,,scrnaseq_lungadeno_pt_samples,H16_B003577,H16_B003577,Ashley,CZB-NXT-i7-02104-CZB-NXT-i5-01720,TCATAAGTCCGC,CZB-NXT-i7-02104-CZB-NXT-i5-01720,TCGGGATAATAG,Human,,,,
SCLUNG_NEXT6,sclung_sclungnext6,,scrnaseq_lungadeno_pt_samples,H17_B003577,H17_B003577,Ashley,CZB-NXT-i7-02105-CZB-NXT-i5-01721,GTCTCGCAATAG,CZB-NXT-i7-02105-CZB-NXT-i5-01721,CAATCTAATGCT,Human,,,,
SCLUNG_NEXT6,sclung_sclungnext6,,scrnaseq_lungadeno_pt_samples,H18_B003577,H18_B003577,Ashley,CZB-NXT-i7-02106-CZB-NXT-i5-01722,TCGTTAGGTCTT,CZB-NXT-i7-02106-CZB-NXT-i5-01722,TTTCTCTCAACT,Human,,,,
SCLUNG_NEXT6,sclung_sclungnext6,,scrnaseq_lungadeno_pt_samples,H19_B003577,H19_B003577,Ashley,CZB-NXT-i7-02107-CZB-NXT-i5-01723,GACTTCAAACCC,CZB-NXT-i7-02107-CZB-NXT-i5-01723,GGGAAGCACCTC,Human,,,,
SCLUNG_NEXT6,sclung_sclungnext6,,scrnaseq_lungadeno_pt_samples,H20_B003577,H20_B003577,Ashley,CZB-NXT-i7-02108-CZB-NXT-i5-01724,TCACCCGCTAAC,CZB-NXT-i7-02108-CZB-NXT-i5-01724,TTTACCTTGATT,Human,,,,
SCLUNG_NEXT6,sclung_sclungnext6,,scrnaseq_lungadeno_pt_samples,H21_B003577,H21_B003577,Ashley,CZB-NXT-i7-02109-CZB-NXT-i5-01725,TCGTTTGCCCAA,CZB-NXT-i7-02109-CZB-NXT-i5-01725,CGGTATCAACCC,Human,,,,
SCLUNG_NEXT6,sclung_sclungnext6,,scrnaseq_lungadeno_pt_samples,H22_B003577,H22_B003577,Ashley,CZB-NXT-i7-02110-CZB-NXT-i5-01726,GCCTACAGTTGT,CZB-NXT-i7-02110-CZB-NXT-i5-01726,TGAGCATTCTCC,Human,,,,
SCLUNG_NEXT6,sclung_sclungnext6,,scrnaseq_lungadeno_pt_samples,H23_B003577,H23_B003577,Ashley,CZB-NXT-i7-02111-CZB-NXT-i5-01727,GCACGCCACTCT,CZB-NXT-i7-02111-CZB-NXT-i5-01727,TATCATACCGCA,Human,,,,
SCLUNG_NEXT6,sclung_sclungnext6,,scrnaseq_lungadeno_pt_samples,H24_B003577,H24_B003577,Ashley,CZB-NXT-i7-02112-CZB-NXT-i5-01728,CGTAACGAGCGT,CZB-NXT-i7-02112-CZB-NXT-i5-01728,CCATTCACTCCA,Human,,,,
SCLUNG_NEXT6,sclung_sclungnext6,,scrnaseq_lungadeno_pt_samples,I1_B003577,I1_B003577,Ashley,CZB-NXT-i7-02113-CZB-NXT-i5-01729,TTGGCGATGACA,CZB-NXT-i7-02113-CZB-NXT-i5-01729,CAAGTCCCGCTC,Human,,,,
SCLUNG_NEXT6,sclung_sclungnext6,,scrnaseq_lungadeno_pt_samples,I2_B003577,I2_B003577,Ashley,CZB-NXT-i7-02114-CZB-NXT-i5-01730,CGTAGTAGCGGG,CZB-NXT-i7-02114-CZB-NXT-i5-01730,CGGCACCCTACT,Human,,,,
SCLUNG_NEXT6,sclung_sclungnext6,,scrnaseq_lungadeno_pt_samples,I3_B003577,I3_B003577,Ashley,CZB-NXT-i7-02115-CZB-NXT-i5-01731,TAGATGTTCCTT,CZB-NXT-i7-02115-CZB-NXT-i5-01731,TTTCCAGATACC,Human,,,,
SCLUNG_NEXT6,sclung_sclungnext6,,scrnaseq_lungadeno_pt_samples,I4_B003577,I4_B003577,Ashley,CZB-NXT-i7-02116-CZB-NXT-i5-01732,TGTGAGGTATTT,CZB-NXT-i7-02116-CZB-NXT-i5-01732,ATGGCGAGAACT,Human,,,,
SCLUNG_NEXT6,sclung_sclungnext6,,scrnaseq_lungadeno_pt_samples,I5_B003577,I5_B003577,Ashley,CZB-NXT-i7-02117-CZB-NXT-i5-01733,GGTCAGCCTAAC,CZB-NXT-i7-02117-CZB-NXT-i5-01733,GGAACAGACAGA,Human,,,,
SCLUNG_NEXT6,sclung_sclungnext6,,scrnaseq_lungadeno_pt_samples,I6_B003577,I6_B003577,Ashley,CZB-NXT-i7-02118-CZB-NXT-i5-01734,CGTAAGCGGGTG,CZB-NXT-i7-02118-CZB-NXT-i5-01734,CCTGCTTACTCT,Human,,,,
SCLUNG_NEXT6,sclung_sclungnext6,,scrnaseq_lungadeno_pt_samples,I7_B003577,I7_B003577,Ashley,CZB-NXT-i7-02119-CZB-NXT-i5-01735,TGGTCTCAAAGA,CZB-NXT-i7-02119-CZB-NXT-i5-01735,TTATCCAGGGTT,Human,,,,
SCLUNG_NEXT6,sclung_sclungnext6,,scrnaseq_lungadeno_pt_samples,I8_B003577,I8_B003577,Ashley,CZB-NXT-i7-02120-CZB-NXT-i5-01736,CCGACAGAAGTA,CZB-NXT-i7-02120-CZB-NXT-i5-01736,TGCTACCCAAAT,Human,,,,
SCLUNG_NEXT6,sclung_sclungnext6,,scrnaseq_lungadeno_pt_samples,I9_B003577,I9_B003577,Ashley,CZB-NXT-i7-02121-CZB-NXT-i5-01737,TTCTTAGGCGGG,CZB-NXT-i7-02121-CZB-NXT-i5-01737,CCTACTGTGTTA,Human,,,,
SCLUNG_NEXT6,sclung_sclungnext6,,scrnaseq_lungadeno_pt_samples,I10_B003577,I10_B003577,Ashley,CZB-NXT-i7-02122-CZB-NXT-i5-01738,TTTGTTTCGCAC,CZB-NXT-i7-02122-CZB-NXT-i5-01738,TGGCGGTATTGC,Human,,,,
SCLUNG_NEXT6,sclung_sclungnext6,,scrnaseq_lungadeno_pt_samples,I11_B003577,I11_B003577,Ashley,CZB-NXT-i7-02123-CZB-NXT-i5-01739,TTCCGCCTTACC,CZB-NXT-i7-02123-CZB-NXT-i5-01739,TTGAGGGTTTGG,Human,,,,
SCLUNG_NEXT6,sclung_sclungnext6,,scrnaseq_lungadeno_pt_samples,I12_B003577,I12_B003577,Ashley,CZB-NXT-i7-02124-CZB-NXT-i5-01740,TCGCTGAGCAAG,CZB-NXT-i7-02124-CZB-NXT-i5-01740,CGATTGGCGTCC,Human,,,,
SCLUNG_NEXT6,sclung_sclungnext6,,scrnaseq_lungadeno_pt_samples,I13_B003577,I13_B003577,Ashley,CZB-NXT-i7-02125-CZB-NXT-i5-01741,TCGGGCTGAATC,CZB-NXT-i7-02125-CZB-NXT-i5-01741,CTCGTTGATGGG,Human,,,,
SCLUNG_NEXT6,sclung_sclungnext6,,scrnaseq_lungadeno_pt_samples,I14_B003577,I14_B003577,Ashley,CZB-NXT-i7-02126-CZB-NXT-i5-01742,TTCTGATAATGG,CZB-NXT-i7-02126-CZB-NXT-i5-01742,TCACCAAGTTGA,Human,,,,
SCLUNG_NEXT6,sclung_sclungnext6,,scrnaseq_lungadeno_pt_samples,I15_B003577,I15_B003577,Ashley,CZB-NXT-i7-02127-CZB-NXT-i5-01743,GACCGACATTGG,CZB-NXT-i7-02127-CZB-NXT-i5-01743,TTCACTATTGGT,Human,,,,
SCLUNG_NEXT6,sclung_sclungnext6,,scrnaseq_lungadeno_pt_samples,I16_B003577,I16_B003577,Ashley,CZB-NXT-i7-02128-CZB-NXT-i5-01744,ACGATGCCCGCC,CZB-NXT-i7-02128-CZB-NXT-i5-01744,TTTCTCGGGCGG,Human,,,,
SCLUNG_NEXT6,sclung_sclungnext6,,scrnaseq_lungadeno_pt_samples,I17_B003577,I17_B003577,Ashley,CZB-NXT-i7-02129-CZB-NXT-i5-01745,CCATTGGAGGTT,CZB-NXT-i7-02129-CZB-NXT-i5-01745,GAGTAGCATTCA,Human,,,,
SCLUNG_NEXT6,sclung_sclungnext6,,scrnaseq_lungadeno_pt_samples,I18_B003577,I18_B003577,Ashley,CZB-NXT-i7-02130-CZB-NXT-i5-01746,TGTCTAACCTCT,CZB-NXT-i7-02130-CZB-NXT-i5-01746,CCCACACTCTGC,Human,,,,
SCLUNG_NEXT6,sclung_sclungnext6,,scrnaseq_lungadeno_pt_samples,I19_B003577,I19_B003577,Ashley,CZB-NXT-i7-02131-CZB-NXT-i5-01747,CTGGACATAGTA,CZB-NXT-i7-02131-CZB-NXT-i5-01747,CACAGCCCGTTC,Human,,,,
SCLUNG_NEXT6,sclung_sclungnext6,,scrnaseq_lungadeno_pt_samples,I20_B003577,I20_B003577,Ashley,CZB-NXT-i7-02132-CZB-NXT-i5-01748,TGTATCTAACTA,CZB-NXT-i7-02132-CZB-NXT-i5-01748,TCGTTGAAGTTG,Human,,,,
SCLUNG_NEXT6,sclung_sclungnext6,,scrnaseq_lungadeno_pt_samples,I21_B003577,I21_B003577,Ashley,CZB-NXT-i7-02133-CZB-NXT-i5-01749,TTATCCAATGCC,CZB-NXT-i7-02133-CZB-NXT-i5-01749,TCGCTCGGTCCG,Human,,,,
SCLUNG_NEXT6,sclung_sclungnext6,,scrnaseq_lungadeno_pt_samples,I22_B003577,I22_B003577,Ashley,CZB-NXT-i7-02134-CZB-NXT-i5-01750,TGTAGCCGTGAC,CZB-NXT-i7-02134-CZB-NXT-i5-01750,AGCATTGAGGTG,Human,,,,
SCLUNG_NEXT6,sclung_sclungnext6,,scrnaseq_lungadeno_pt_samples,I23_B003577,I23_B003577,Ashley,CZB-NXT-i7-02135-CZB-NXT-i5-01751,TCTTCCGCTATG,CZB-NXT-i7-02135-CZB-NXT-i5-01751,AAAGTTACGAAC,Human,,,,
SCLUNG_NEXT6,sclung_sclungnext6,,scrnaseq_lungadeno_pt_samples,I24_B003577,I24_B003577,Ashley,CZB-NXT-i7-02136-CZB-NXT-i5-01752,GACAGTTTCTCT,CZB-NXT-i7-02136-CZB-NXT-i5-01752,GGATAGCAGCCA,Human,,,,
SCLUNG_NEXT6,sclung_sclungnext6,,scrnaseq_lungadeno_pt_samples,J1_B003577,J1_B003577,Ashley,CZB-NXT-i7-02137-CZB-NXT-i5-01753,TTTAGTTGTTCT,CZB-NXT-i7-02137-CZB-NXT-i5-01753,CCCAGGACGAAA,Human,,,,
SCLUNG_NEXT6,sclung_sclungnext6,,scrnaseq_lungadeno_pt_samples,J2_B003577,J2_B003577,Ashley,CZB-NXT-i7-02138-CZB-NXT-i5-01754,CAAGTGTAGGAT,CZB-NXT-i7-02138-CZB-NXT-i5-01754,TACATCGTGACG,Human,,,,
SCLUNG_NEXT6,sclung_sclungnext6,,scrnaseq_lungadeno_pt_samples,J3_B003577,J3_B003577,Ashley,CZB-NXT-i7-02139-CZB-NXT-i5-01755,GGGTATGGATTA,CZB-NXT-i7-02139-CZB-NXT-i5-01755,TGCGATGCCACT,Human,,,,
SCLUNG_NEXT6,sclung_sclungnext6,,scrnaseq_lungadeno_pt_samples,J4_B003577,J4_B003577,Ashley,CZB-NXT-i7-02140-CZB-NXT-i5-01756,TGGTAAGCATCT,CZB-NXT-i7-02140-CZB-NXT-i5-01756,GTGGTAACAACC,Human,,,,
SCLUNG_NEXT6,sclung_sclungnext6,,scrnaseq_lungadeno_pt_samples,J5_B003577,J5_B003577,Ashley,CZB-NXT-i7-02141-CZB-NXT-i5-01757,TCTATCCAAACA,CZB-NXT-i7-02141-CZB-NXT-i5-01757,TACTTCCACTCA,Human,,,,
SCLUNG_NEXT6,sclung_sclungnext6,,scrnaseq_lungadeno_pt_samples,J6_B003577,J6_B003577,Ashley,CZB-NXT-i7-02142-CZB-NXT-i5-01758,TGTTAGTCTTGT,CZB-NXT-i7-02142-CZB-NXT-i5-01758,CCCGTTCTGTCA,Human,,,,
SCLUNG_NEXT6,sclung_sclungnext6,,scrnaseq_lungadeno_pt_samples,J7_B003577,J7_B003577,Ashley,CZB-NXT-i7-02143-CZB-NXT-i5-01759,AATCGTAAGGAC,CZB-NXT-i7-02143-CZB-NXT-i5-01759,GGGCAGTCCACC,Human,,,,
SCLUNG_NEXT6,sclung_sclungnext6,,scrnaseq_lungadeno_pt_samples,J8_B003577,J8_B003577,Ashley,CZB-NXT-i7-02144-CZB-NXT-i5-01760,TTCGGGAGCACG,CZB-NXT-i7-02144-CZB-NXT-i5-01760,ACACGCTGTCGC,Human,,,,
SCLUNG_NEXT6,sclung_sclungnext6,,scrnaseq_lungadeno_pt_samples,J9_B003577,J9_B003577,Ashley,CZB-NXT-i7-02145-CZB-NXT-i5-01761,TGGACTCCGTTT,CZB-NXT-i7-02145-CZB-NXT-i5-01761,TCTCCTCATTTC,Human,,,,
SCLUNG_NEXT6,sclung_sclungnext6,,scrnaseq_lungadeno_pt_samples,J10_B003577,J10_B003577,Ashley,CZB-NXT-i7-02146-CZB-NXT-i5-01762,AGGCGTCGGAAG,CZB-NXT-i7-02146-CZB-NXT-i5-01762,TTTGGGACCGTG,Human,,,,
SCLUNG_NEXT6,sclung_sclungnext6,,scrnaseq_lungadeno_pt_samples,J11_B003577,J11_B003577,Ashley,CZB-NXT-i7-02147-CZB-NXT-i5-01763,TAGCAATGGCTC,CZB-NXT-i7-02147-CZB-NXT-i5-01763,GGTCGGAACCGC,Human,,,,
SCLUNG_NEXT6,sclung_sclungnext6,,scrnaseq_lungadeno_pt_samples,J12_B003577,J12_B003577,Ashley,CZB-NXT-i7-02148-CZB-NXT-i5-01764,TTTGTCTCTTAT,CZB-NXT-i7-02148-CZB-NXT-i5-01764,TTCATACCAAAG,Human,,,,
SCLUNG_NEXT6,sclung_sclungnext6,,scrnaseq_lungadeno_pt_samples,J13_B003577,J13_B003577,Ashley,CZB-NXT-i7-02149-CZB-NXT-i5-01765,CACCCAAACAAG,CZB-NXT-i7-02149-CZB-NXT-i5-01765,GGCTGCGTGTCG,Human,,,,
SCLUNG_NEXT6,sclung_sclungnext6,,scrnaseq_lungadeno_pt_samples,J14_B003577,J14_B003577,Ashley,CZB-NXT-i7-02150-CZB-NXT-i5-01766,GTCTATGTGAGC,CZB-NXT-i7-02150-CZB-NXT-i5-01766,CAGCGATAGCCC,Human,,,,
SCLUNG_NEXT6,sclung_sclungnext6,,scrnaseq_lungadeno_pt_samples,J15_B003577,J15_B003577,Ashley,CZB-NXT-i7-02151-CZB-NXT-i5-01767,GGCATTTGGGAC,CZB-NXT-i7-02151-CZB-NXT-i5-01767,TCTAATCCCGCT,Human,,,,
SCLUNG_NEXT6,sclung_sclungnext6,,scrnaseq_lungadeno_pt_samples,J16_B003577,J16_B003577,Ashley,CZB-NXT-i7-02152-CZB-NXT-i5-01768,CAAGTAATAATC,CZB-NXT-i7-02152-CZB-NXT-i5-01768,AACCGCATAGGA,Human,,,,
SCLUNG_NEXT6,sclung_sclungnext6,,scrnaseq_lungadeno_pt_samples,J17_B003577,J17_B003577,Ashley,CZB-NXT-i7-02153-CZB-NXT-i5-01769,ATGAGTGTATCT,CZB-NXT-i7-02153-CZB-NXT-i5-01769,TCATAGCGTTGA,Human,,,,
SCLUNG_NEXT6,sclung_sclungnext6,,scrnaseq_lungadeno_pt_samples,J18_B003577,J18_B003577,Ashley,CZB-NXT-i7-02154-CZB-NXT-i5-01770,TGAGCACACACG,CZB-NXT-i7-02154-CZB-NXT-i5-01770,TTCACCATCCCA,Human,,,,
SCLUNG_NEXT6,sclung_sclungnext6,,scrnaseq_lungadeno_pt_samples,J19_B003577,J19_B003577,Ashley,CZB-NXT-i7-02155-CZB-NXT-i5-01771,GAACTGGTCCAT,CZB-NXT-i7-02155-CZB-NXT-i5-01771,GGAAGCCGCCGT,Human,,,,
SCLUNG_NEXT6,sclung_sclungnext6,,scrnaseq_lungadeno_pt_samples,J20_B003577,J20_B003577,Ashley,CZB-NXT-i7-02156-CZB-NXT-i5-01772,TCGCCATTTGGA,CZB-NXT-i7-02156-CZB-NXT-i5-01772,CTCCGACTCTCG,Human,,,,
SCLUNG_NEXT6,sclung_sclungnext6,,scrnaseq_lungadeno_pt_samples,J21_B003577,J21_B003577,Ashley,CZB-NXT-i7-02157-CZB-NXT-i5-01773,CCGAGGCATTGC,CZB-NXT-i7-02157-CZB-NXT-i5-01773,TCCAGCCACATC,Human,,,,
SCLUNG_NEXT6,sclung_sclungnext6,,scrnaseq_lungadeno_pt_samples,J22_B003577,J22_B003577,Ashley,CZB-NXT-i7-02158-CZB-NXT-i5-01774,CTTGTGCTACTT,CZB-NXT-i7-02158-CZB-NXT-i5-01774,TCGTAATCACTC,Human,,,,
SCLUNG_NEXT6,sclung_sclungnext6,,scrnaseq_lungadeno_pt_samples,J23_B003577,J23_B003577,Ashley,CZB-NXT-i7-02159-CZB-NXT-i5-01775,GCACCGTCTGAC,CZB-NXT-i7-02159-CZB-NXT-i5-01775,GCTCCAGTGAAC,Human,,,,
SCLUNG_NEXT6,sclung_sclungnext6,,scrnaseq_lungadeno_pt_samples,J24_B003577,J24_B003577,Ashley,CZB-NXT-i7-02160-CZB-NXT-i5-01776,CGGCTGTATCGG,CZB-NXT-i7-02160-CZB-NXT-i5-01776,CCGATAATGCCC,Human,,,,
SCLUNG_NEXT6,sclung_sclungnext6,,scrnaseq_lungadeno_pt_samples,K1_B003577,K1_B003577,Ashley,CZB-NXT-i7-02161-CZB-NXT-i5-01777,ACCAGGGACCTT,CZB-NXT-i7-02161-CZB-NXT-i5-01777,CGGTGTCCCGTG,Human,,,,
SCLUNG_NEXT6,sclung_sclungnext6,,scrnaseq_lungadeno_pt_samples,K2_B003577,K2_B003577,Ashley,CZB-NXT-i7-02162-CZB-NXT-i5-01778,TTTGTTAGACGA,CZB-NXT-i7-02162-CZB-NXT-i5-01778,GCCGCTCATAAC,Human,,,,
SCLUNG_NEXT6,sclung_sclungnext6,,scrnaseq_lungadeno_pt_samples,K3_B003577,K3_B003577,Ashley,CZB-NXT-i7-02163-CZB-NXT-i5-01779,TTCCGCACCTCG,CZB-NXT-i7-02163-CZB-NXT-i5-01779,TCTTATCTTGAG,Human,,,,
SCLUNG_NEXT6,sclung_sclungnext6,,scrnaseq_lungadeno_pt_samples,K4_B003577,K4_B003577,Ashley,CZB-NXT-i7-02164-CZB-NXT-i5-01780,AATCTGGACTCC,CZB-NXT-i7-02164-CZB-NXT-i5-01780,GTCTTCATTGGT,Human,,,,
SCLUNG_NEXT6,sclung_sclungnext6,,scrnaseq_lungadeno_pt_samples,K5_B003577,K5_B003577,Ashley,CZB-NXT-i7-02165-CZB-NXT-i5-01781,CAGGTGACGCCT,CZB-NXT-i7-02165-CZB-NXT-i5-01781,TGCCCAACTCGG,Human,,,,
SCLUNG_NEXT6,sclung_sclungnext6,,scrnaseq_lungadeno_pt_samples,K6_B003577,K6_B003577,Ashley,CZB-NXT-i7-02166-CZB-NXT-i5-01782,TGTGTAAGGGCT,CZB-NXT-i7-02166-CZB-NXT-i5-01782,TTGTCTTAGTGG,Human,,,,
SCLUNG_NEXT6,sclung_sclungnext6,,scrnaseq_lungadeno_pt_samples,K7_B003577,K7_B003577,Ashley,CZB-NXT-i7-02167-CZB-NXT-i5-01783,CGGTTTCAGGTT,CZB-NXT-i7-02167-CZB-NXT-i5-01783,GGAAGGGAGTAT,Human,,,,
SCLUNG_NEXT6,sclung_sclungnext6,,scrnaseq_lungadeno_pt_samples,K8_B003577,K8_B003577,Ashley,CZB-NXT-i7-02168-CZB-NXT-i5-01784,TTCGTTGTGGCA,CZB-NXT-i7-02168-CZB-NXT-i5-01784,TTCCACAAGAAT,Human,,,,
SCLUNG_NEXT6,sclung_sclungnext6,,scrnaseq_lungadeno_pt_samples,K9_B003577,K9_B003577,Ashley,CZB-NXT-i7-02169-CZB-NXT-i5-01785,CAATAGCAAGTA,CZB-NXT-i7-02169-CZB-NXT-i5-01785,TAAGACCTCTAA,Human,,,,
SCLUNG_NEXT6,sclung_sclungnext6,,scrnaseq_lungadeno_pt_samples,K10_B003577,K10_B003577,Ashley,CZB-NXT-i7-02170-CZB-NXT-i5-01786,TTTACGGGAGCC,CZB-NXT-i7-02170-CZB-NXT-i5-01786,CGACTCGCAAGT,Human,,,,
SCLUNG_NEXT6,sclung_sclungnext6,,scrnaseq_lungadeno_pt_samples,K11_B003577,K11_B003577,Ashley,CZB-NXT-i7-02171-CZB-NXT-i5-01787,GCCTTGTTACGG,CZB-NXT-i7-02171-CZB-NXT-i5-01787,TTGGCATAGACC,Human,,,,
SCLUNG_NEXT6,sclung_sclungnext6,,scrnaseq_lungadeno_pt_samples,K12_B003577,K12_B003577,Ashley,CZB-NXT-i7-02172-CZB-NXT-i5-01788,TCTATGAAGTAA,CZB-NXT-i7-02172-CZB-NXT-i5-01788,GCAAGACCTTCG,Human,,,,
SCLUNG_NEXT6,sclung_sclungnext6,,scrnaseq_lungadeno_pt_samples,K13_B003577,K13_B003577,Ashley,CZB-NXT-i7-02173-CZB-NXT-i5-01789,TACCCACAAGAG,CZB-NXT-i7-02173-CZB-NXT-i5-01789,CTCAAGGCAATC,Human,,,,
SCLUNG_NEXT6,sclung_sclungnext6,,scrnaseq_lungadeno_pt_samples,K14_B003577,K14_B003577,Ashley,CZB-NXT-i7-02174-CZB-NXT-i5-01790,TAAATCCCGTCC,CZB-NXT-i7-02174-CZB-NXT-i5-01790,TAGAAGTGTCAT,Human,,,,
SCLUNG_NEXT6,sclung_sclungnext6,,scrnaseq_lungadeno_pt_samples,K15_B003577,K15_B003577,Ashley,CZB-NXT-i7-02175-CZB-NXT-i5-01791,TTCTGGCTTGTA,CZB-NXT-i7-02175-CZB-NXT-i5-01791,TCAAAGGCACAA,Human,,,,
SCLUNG_NEXT6,sclung_sclungnext6,,scrnaseq_lungadeno_pt_samples,K16_B003577,K16_B003577,Ashley,CZB-NXT-i7-02176-CZB-NXT-i5-01792,TAGGAAATGTAG,CZB-NXT-i7-02176-CZB-NXT-i5-01792,TTTCCACGGTAG,Human,,,,
SCLUNG_NEXT6,sclung_sclungnext6,,scrnaseq_lungadeno_pt_samples,K17_B003577,K17_B003577,Ashley,CZB-NXT-i7-02177-CZB-NXT-i5-01793,CTGATACTGCGG,CZB-NXT-i7-02177-CZB-NXT-i5-01793,CCGCTACCAACA,Human,,,,
SCLUNG_NEXT6,sclung_sclungnext6,,scrnaseq_lungadeno_pt_samples,K18_B003577,K18_B003577,Ashley,CZB-NXT-i7-02178-CZB-NXT-i5-01794,TTATGTCCAACC,CZB-NXT-i7-02178-CZB-NXT-i5-01794,TACGCACCTACC,Human,,,,
SCLUNG_NEXT6,sclung_sclungnext6,,scrnaseq_lungadeno_pt_samples,K19_B003577,K19_B003577,Ashley,CZB-NXT-i7-02179-CZB-NXT-i5-01795,TAGATGAAGGGC,CZB-NXT-i7-02179-CZB-NXT-i5-01795,TCAAACTGGGAC,Human,,,,
SCLUNG_NEXT6,sclung_sclungnext6,,scrnaseq_lungadeno_pt_samples,K20_B003577,K20_B003577,Ashley,CZB-NXT-i7-02180-CZB-NXT-i5-01796,ACGAGTATGTCA,CZB-NXT-i7-02180-CZB-NXT-i5-01796,CCGATTTAGATA,Human,,,,
SCLUNG_NEXT6,sclung_sclungnext6,,scrnaseq_lungadeno_pt_samples,K21_B003577,K21_B003577,Ashley,CZB-NXT-i7-02181-CZB-NXT-i5-01797,GACTCCTCAAGC,CZB-NXT-i7-02181-CZB-NXT-i5-01797,TACGCCGTCCAA,Human,,,,
SCLUNG_NEXT6,sclung_sclungnext6,,scrnaseq_lungadeno_pt_samples,K22_B003577,K22_B003577,Ashley,CZB-NXT-i7-02182-CZB-NXT-i5-01798,TCATCTCACTCG,CZB-NXT-i7-02182-CZB-NXT-i5-01798,AACACTCTGTCA,Human,,,,
SCLUNG_NEXT6,sclung_sclungnext6,,scrnaseq_lungadeno_pt_samples,K23_B003577,K23_B003577,Ashley,CZB-NXT-i7-02183-CZB-NXT-i5-01799,TTCTGAGTCCAC,CZB-NXT-i7-02183-CZB-NXT-i5-01799,TATCTGCCGCTT,Human,,,,
SCLUNG_NEXT6,sclung_sclungnext6,,scrnaseq_lungadeno_pt_samples,K24_B003577,K24_B003577,Ashley,CZB-NXT-i7-02184-CZB-NXT-i5-01800,TGTATTTGCTGC,CZB-NXT-i7-02184-CZB-NXT-i5-01800,ACCTGTTTCTAC,Human,,,,
SCLUNG_NEXT6,sclung_sclungnext6,,scrnaseq_lungadeno_pt_samples,L1_B003577,L1_B003577,Ashley,CZB-NXT-i7-02185-CZB-NXT-i5-01801,CCCTATTTCCTT,CZB-NXT-i7-02185-CZB-NXT-i5-01801,TCCTGTCACACT,Human,,,,
SCLUNG_NEXT6,sclung_sclungnext6,,scrnaseq_lungadeno_pt_samples,L2_B003577,L2_B003577,Ashley,CZB-NXT-i7-02186-CZB-NXT-i5-01802,CCCATCCTTTAG,CZB-NXT-i7-02186-CZB-NXT-i5-01802,TGTGAGTTCGCC,Human,,,,
SCLUNG_NEXT6,sclung_sclungnext6,,scrnaseq_lungadeno_pt_samples,L3_B003577,L3_B003577,Ashley,CZB-NXT-i7-02187-CZB-NXT-i5-01803,TCACTGAGTCCA,CZB-NXT-i7-02187-CZB-NXT-i5-01803,TAGTGCGTCCAG,Human,,,,
SCLUNG_NEXT6,sclung_sclungnext6,,scrnaseq_lungadeno_pt_samples,L4_B003577,L4_B003577,Ashley,CZB-NXT-i7-02188-CZB-NXT-i5-01804,TCTCCCTTACGA,CZB-NXT-i7-02188-CZB-NXT-i5-01804,GAACTCTGGTTT,Human,,,,
SCLUNG_NEXT6,sclung_sclungnext6,,scrnaseq_lungadeno_pt_samples,L5_B003577,L5_B003577,Ashley,CZB-NXT-i7-02189-CZB-NXT-i5-01805,CCCGCTGTAACT,CZB-NXT-i7-02189-CZB-NXT-i5-01805,GAGTGGCGATTG,Human,,,,
SCLUNG_NEXT6,sclung_sclungnext6,,scrnaseq_lungadeno_pt_samples,L6_B003577,L6_B003577,Ashley,CZB-NXT-i7-02190-CZB-NXT-i5-01806,CTTATCCGTCTT,CZB-NXT-i7-02190-CZB-NXT-i5-01806,GGATTCGTTGGA,Human,,,,
SCLUNG_NEXT6,sclung_sclungnext6,,scrnaseq_lungadeno_pt_samples,L7_B003577,L7_B003577,Ashley,CZB-NXT-i7-02191-CZB-NXT-i5-01807,TTAGGCATTGGG,CZB-NXT-i7-02191-CZB-NXT-i5-01807,GACGGCGTGTTA,Human,,,,
SCLUNG_NEXT6,sclung_sclungnext6,,scrnaseq_lungadeno_pt_samples,L8_B003577,L8_B003577,Ashley,CZB-NXT-i7-02192-CZB-NXT-i5-01808,TGTCATTCATCC,CZB-NXT-i7-02192-CZB-NXT-i5-01808,GTTGTCAAATCC,Human,,,,
SCLUNG_NEXT6,sclung_sclungnext6,,scrnaseq_lungadeno_pt_samples,L9_B003577,L9_B003577,Ashley,CZB-NXT-i7-02193-CZB-NXT-i5-01809,TAGCGTCAGGAG,CZB-NXT-i7-02193-CZB-NXT-i5-01809,CGAAAGGTAAGG,Human,,,,
SCLUNG_NEXT6,sclung_sclungnext6,,scrnaseq_lungadeno_pt_samples,L10_B003577,L10_B003577,Ashley,CZB-NXT-i7-02194-CZB-NXT-i5-01810,CAGTGTCTATGT,CZB-NXT-i7-02194-CZB-NXT-i5-01810,TTACTTATTCCC,Human,,,,
SCLUNG_NEXT6,sclung_sclungnext6,,scrnaseq_lungadeno_pt_samples,L11_B003577,L11_B003577,Ashley,CZB-NXT-i7-02195-CZB-NXT-i5-01811,GAAGGCGTTCTT,CZB-NXT-i7-02195-CZB-NXT-i5-01811,AGACATCGTGGG,Human,,,,
SCLUNG_NEXT6,sclung_sclungnext6,,scrnaseq_lungadeno_pt_samples,L12_B003577,L12_B003577,Ashley,CZB-NXT-i7-02196-CZB-NXT-i5-01812,TAGCGAGTAGGA,CZB-NXT-i7-02196-CZB-NXT-i5-01812,CGTGGCTGTCCC,Human,,,,
SCLUNG_NEXT6,sclung_sclungnext6,,scrnaseq_lungadeno_pt_samples,L13_B003577,L13_B003577,Ashley,CZB-NXT-i7-02197-CZB-NXT-i5-01813,GTGCTGTGAAAG,CZB-NXT-i7-02197-CZB-NXT-i5-01813,GGTTCTTTCCAC,Human,,,,
SCLUNG_NEXT6,sclung_sclungnext6,,scrnaseq_lungadeno_pt_samples,L14_B003577,L14_B003577,Ashley,CZB-NXT-i7-02198-CZB-NXT-i5-01814,TTTCGTGTTAGA,CZB-NXT-i7-02198-CZB-NXT-i5-01814,TCAGACCCTATT,Human,,,,
SCLUNG_NEXT6,sclung_sclungnext6,,scrnaseq_lungadeno_pt_samples,L15_B003577,L15_B003577,Ashley,CZB-NXT-i7-02199-CZB-NXT-i5-01815,TACGCTCCGTGC,CZB-NXT-i7-02199-CZB-NXT-i5-01815,TTCACGGTCATT,Human,,,,
SCLUNG_NEXT6,sclung_sclungnext6,,scrnaseq_lungadeno_pt_samples,L16_B003577,L16_B003577,Ashley,CZB-NXT-i7-02200-CZB-NXT-i5-01816,CCCGAGGCAGCA,CZB-NXT-i7-02200-CZB-NXT-i5-01816,TTCTCACCTAAT,Human,,,,
SCLUNG_NEXT6,sclung_sclungnext6,,scrnaseq_lungadeno_pt_samples,L17_B003577,L17_B003577,Ashley,CZB-NXT-i7-02201-CZB-NXT-i5-01817,CACTAACATTCG,CZB-NXT-i7-02201-CZB-NXT-i5-01817,ATGAACCGCATA,Human,,,,
SCLUNG_NEXT6,sclung_sclungnext6,,scrnaseq_lungadeno_pt_samples,L18_B003577,L18_B003577,Ashley,CZB-NXT-i7-02202-CZB-NXT-i5-01818,CCCATTTCTGAC,CZB-NXT-i7-02202-CZB-NXT-i5-01818,GGTAGTAGGGTC,Human,,,,
SCLUNG_NEXT6,sclung_sclungnext6,,scrnaseq_lungadeno_pt_samples,L19_B003577,L19_B003577,Ashley,CZB-NXT-i7-02203-CZB-NXT-i5-01819,TTGAACGCCTCA,CZB-NXT-i7-02203-CZB-NXT-i5-01819,AACTGGCAGATT,Human,,,,
SCLUNG_NEXT6,sclung_sclungnext6,,scrnaseq_lungadeno_pt_samples,L20_B003577,L20_B003577,Ashley,CZB-NXT-i7-02204-CZB-NXT-i5-01820,TTTCACCTTAGT,CZB-NXT-i7-02204-CZB-NXT-i5-01820,TTTACCTGACCT,Human,,,,
SCLUNG_NEXT6,sclung_sclungnext6,,scrnaseq_lungadeno_pt_samples,L21_B003577,L21_B003577,Ashley,CZB-NXT-i7-02205-CZB-NXT-i5-01821,TAGTGGGCGACA,CZB-NXT-i7-02205-CZB-NXT-i5-01821,CATAACACTTCA,Human,,,,
SCLUNG_NEXT6,sclung_sclungnext6,,scrnaseq_lungadeno_pt_samples,L22_B003577,L22_B003577,Ashley,CZB-NXT-i7-02206-CZB-NXT-i5-01822,TCGCAGGAGTGA,CZB-NXT-i7-02206-CZB-NXT-i5-01822,GGCGGTTGCGAT,Human,,,,
SCLUNG_NEXT6,sclung_sclungnext6,,scrnaseq_lungadeno_pt_samples,L23_B003577,L23_B003577,Ashley,CZB-NXT-i7-02207-CZB-NXT-i5-01823,TGCGAGATGACC,CZB-NXT-i7-02207-CZB-NXT-i5-01823,TGGACTCCCGAA,Human,,,,
SCLUNG_NEXT6,sclung_sclungnext6,,scrnaseq_lungadeno_pt_samples,L24_B003577,L24_B003577,Ashley,CZB-NXT-i7-02208-CZB-NXT-i5-01824,TCGTTCTGGGCT,CZB-NXT-i7-02208-CZB-NXT-i5-01824,TCAGCCACACAG,Human,,,,
SCLUNG_NEXT6,sclung_sclungnext6,,scrnaseq_lungadeno_pt_samples,M1_B003577,M1_B003577,Ashley,CZB-NXT-i7-02209-CZB-NXT-i5-01825,GAGCATAGATTT,CZB-NXT-i7-02209-CZB-NXT-i5-01825,CTACTTCAGTGA,Human,,,,
SCLUNG_NEXT6,sclung_sclungnext6,,scrnaseq_lungadeno_pt_samples,M2_B003577,M2_B003577,Ashley,CZB-NXT-i7-02210-CZB-NXT-i5-01826,TGTTGTCAGGAC,CZB-NXT-i7-02210-CZB-NXT-i5-01826,CTTCGTCAGAAT,Human,,,,
SCLUNG_NEXT6,sclung_sclungnext6,,scrnaseq_lungadeno_pt_samples,M3_B003577,M3_B003577,Ashley,CZB-NXT-i7-02211-CZB-NXT-i5-01827,TCCGAAGAGTGC,CZB-NXT-i7-02211-CZB-NXT-i5-01827,CGCCGACCGCTA,Human,,,,
SCLUNG_NEXT6,sclung_sclungnext6,,scrnaseq_lungadeno_pt_samples,M4_B003577,M4_B003577,Ashley,CZB-NXT-i7-02212-CZB-NXT-i5-01828,TTAGATGTCACC,CZB-NXT-i7-02212-CZB-NXT-i5-01828,GGTCTGGCTCGC,Human,,,,
SCLUNG_NEXT6,sclung_sclungnext6,,scrnaseq_lungadeno_pt_samples,M5_B003577,M5_B003577,Ashley,CZB-NXT-i7-02213-CZB-NXT-i5-01829,TTATGGTAAACA,CZB-NXT-i7-02213-CZB-NXT-i5-01829,CACTGTATCACA,Human,,,,
SCLUNG_NEXT6,sclung_sclungnext6,,scrnaseq_lungadeno_pt_samples,M6_B003577,M6_B003577,Ashley,CZB-NXT-i7-02214-CZB-NXT-i5-01830,CCGCAGTTCGGG,CZB-NXT-i7-02214-CZB-NXT-i5-01830,TGAATACTGCTT,Human,,,,
SCLUNG_NEXT6,sclung_sclungnext6,,scrnaseq_lungadeno_pt_samples,M7_B003577,M7_B003577,Ashley,CZB-NXT-i7-02215-CZB-NXT-i5-01831,TAGAGTAGTTCC,CZB-NXT-i7-02215-CZB-NXT-i5-01831,TCAAGGTTAGCC,Human,,,,
SCLUNG_NEXT6,sclung_sclungnext6,,scrnaseq_lungadeno_pt_samples,M8_B003577,M8_B003577,Ashley,CZB-NXT-i7-02216-CZB-NXT-i5-01832,AGTTATTCCCGA,CZB-NXT-i7-02216-CZB-NXT-i5-01832,TAATCACACTAA,Human,,,,
SCLUNG_NEXT6,sclung_sclungnext6,,scrnaseq_lungadeno_pt_samples,M9_B003577,M9_B003577,Ashley,CZB-NXT-i7-02217-CZB-NXT-i5-01833,GAGGTTCTGGCT,CZB-NXT-i7-02217-CZB-NXT-i5-01833,TTCCCTCGTGAC,Human,,,,
SCLUNG_NEXT6,sclung_sclungnext6,,scrnaseq_lungadeno_pt_samples,M10_B003577,M10_B003577,Ashley,CZB-NXT-i7-02218-CZB-NXT-i5-01834,GGCACGGCTCCA,CZB-NXT-i7-02218-CZB-NXT-i5-01834,CTGCTGGTGTGC,Human,,,,
SCLUNG_NEXT6,sclung_sclungnext6,,scrnaseq_lungadeno_pt_samples,M11_B003577,M11_B003577,Ashley,CZB-NXT-i7-02219-CZB-NXT-i5-01835,TACCTGGGTTTC,CZB-NXT-i7-02219-CZB-NXT-i5-01835,CTGCGGGAGGAC,Human,,,,
SCLUNG_NEXT6,sclung_sclungnext6,,scrnaseq_lungadeno_pt_samples,M12_B003577,M12_B003577,Ashley,CZB-NXT-i7-02220-CZB-NXT-i5-01836,AACCGACATCTT,CZB-NXT-i7-02220-CZB-NXT-i5-01836,TCTCTGACCACC,Human,,,,
SCLUNG_NEXT6,sclung_sclungnext6,,scrnaseq_lungadeno_pt_samples,M13_B003577,M13_B003577,Ashley,CZB-NXT-i7-02221-CZB-NXT-i5-01837,CTTGAGCAGGTC,CZB-NXT-i7-02221-CZB-NXT-i5-01837,TTTATGTCCCTC,Human,,,,
SCLUNG_NEXT6,sclung_sclungnext6,,scrnaseq_lungadeno_pt_samples,M14_B003577,M14_B003577,Ashley,CZB-NXT-i7-02222-CZB-NXT-i5-01838,GCGACCAGTCCA,CZB-NXT-i7-02222-CZB-NXT-i5-01838,GTAGGAGTTATG,Human,,,,
SCLUNG_NEXT6,sclung_sclungnext6,,scrnaseq_lungadeno_pt_samples,M15_B003577,M15_B003577,Ashley,CZB-NXT-i7-02223-CZB-NXT-i5-01839,TCACTTCATTGT,CZB-NXT-i7-02223-CZB-NXT-i5-01839,TGCGATTCACAA,Human,,,,
SCLUNG_NEXT6,sclung_sclungnext6,,scrnaseq_lungadeno_pt_samples,M16_B003577,M16_B003577,Ashley,CZB-NXT-i7-02224-CZB-NXT-i5-01840,TTCCAGTGAGCC,CZB-NXT-i7-02224-CZB-NXT-i5-01840,TCCTGGTAGAAG,Human,,,,
SCLUNG_NEXT6,sclung_sclungnext6,,scrnaseq_lungadeno_pt_samples,M17_B003577,M17_B003577,Ashley,CZB-NXT-i7-02225-CZB-NXT-i5-01841,GCACCTCCCTGG,CZB-NXT-i7-02225-CZB-NXT-i5-01841,CTCGTCCAAACC,Human,,,,
SCLUNG_NEXT6,sclung_sclungnext6,,scrnaseq_lungadeno_pt_samples,M18_B003577,M18_B003577,Ashley,CZB-NXT-i7-02226-CZB-NXT-i5-01842,AGCCAGGCAGAG,CZB-NXT-i7-02226-CZB-NXT-i5-01842,TTTACCCGCTTT,Human,,,,
SCLUNG_NEXT6,sclung_sclungnext6,,scrnaseq_lungadeno_pt_samples,M19_B003577,M19_B003577,Ashley,CZB-NXT-i7-02227-CZB-NXT-i5-01843,AGAGCCGTGTGC,CZB-NXT-i7-02227-CZB-NXT-i5-01843,TGTGGAATAAGT,Human,,,,
SCLUNG_NEXT6,sclung_sclungnext6,,scrnaseq_lungadeno_pt_samples,M20_B003577,M20_B003577,Ashley,CZB-NXT-i7-02228-CZB-NXT-i5-01844,TGGAGAGGCAAG,CZB-NXT-i7-02228-CZB-NXT-i5-01844,TGTCTCGGCATC,Human,,,,
SCLUNG_NEXT6,sclung_sclungnext6,,scrnaseq_lungadeno_pt_samples,M21_B003577,M21_B003577,Ashley,CZB-NXT-i7-02229-CZB-NXT-i5-01845,TTGGAACAAACG,CZB-NXT-i7-02229-CZB-NXT-i5-01845,TCGGACAGTGAT,Human,,,,
SCLUNG_NEXT6,sclung_sclungnext6,,scrnaseq_lungadeno_pt_samples,M22_B003577,M22_B003577,Ashley,CZB-NXT-i7-02230-CZB-NXT-i5-01846,TCCTGGAAGGGC,CZB-NXT-i7-02230-CZB-NXT-i5-01846,AACTCAGTATGA,Human,,,,
SCLUNG_NEXT6,sclung_sclungnext6,,scrnaseq_lungadeno_pt_samples,M23_B003577,M23_B003577,Ashley,CZB-NXT-i7-02231-CZB-NXT-i5-01847,GATACTACTTTA,CZB-NXT-i7-02231-CZB-NXT-i5-01847,GACGGGAATAAT,Human,,,,
SCLUNG_NEXT6,sclung_sclungnext6,,scrnaseq_lungadeno_pt_samples,M24_B003577,M24_B003577,Ashley,CZB-NXT-i7-02232-CZB-NXT-i5-01848,TACGGTAATGAG,CZB-NXT-i7-02232-CZB-NXT-i5-01848,TTTATCACCGAT,Human,,,,
SCLUNG_NEXT6,sclung_sclungnext6,,scrnaseq_lungadeno_pt_samples,N1_B003577,N1_B003577,Ashley,CZB-NXT-i7-02233-CZB-NXT-i5-01849,TGTGGGCAACCT,CZB-NXT-i7-02233-CZB-NXT-i5-01849,TAATCATAGAGC,Human,,,,
SCLUNG_NEXT6,sclung_sclungnext6,,scrnaseq_lungadeno_pt_samples,N2_B003577,N2_B003577,Ashley,CZB-NXT-i7-02234-CZB-NXT-i5-01850,CGTATTGGGAGT,CZB-NXT-i7-02234-CZB-NXT-i5-01850,ATACTGGTGTAA,Human,,,,
SCLUNG_NEXT6,sclung_sclungnext6,,scrnaseq_lungadeno_pt_samples,N3_B003577,N3_B003577,Ashley,CZB-NXT-i7-02235-CZB-NXT-i5-01851,CCGAGAACAGCG,CZB-NXT-i7-02235-CZB-NXT-i5-01851,TGAGATGTAAAT,Human,,,,
SCLUNG_NEXT6,sclung_sclungnext6,,scrnaseq_lungadeno_pt_samples,N4_B003577,N4_B003577,Ashley,CZB-NXT-i7-02236-CZB-NXT-i5-01852,GACCGCTCCACG,CZB-NXT-i7-02236-CZB-NXT-i5-01852,TTAGCACCTCCG,Human,,,,
SCLUNG_NEXT6,sclung_sclungnext6,,scrnaseq_lungadeno_pt_samples,N5_B003577,N5_B003577,Ashley,CZB-NXT-i7-02237-CZB-NXT-i5-01853,TCCGCATAACGA,CZB-NXT-i7-02237-CZB-NXT-i5-01853,AAATCTTGACGC,Human,,,,
SCLUNG_NEXT6,sclung_sclungnext6,,scrnaseq_lungadeno_pt_samples,N6_B003577,N6_B003577,Ashley,CZB-NXT-i7-02238-CZB-NXT-i5-01854,TATGCTGCCAAG,CZB-NXT-i7-02238-CZB-NXT-i5-01854,CAAATGGGTTCA,Human,,,,
SCLUNG_NEXT6,sclung_sclungnext6,,scrnaseq_lungadeno_pt_samples,N7_B003577,N7_B003577,Ashley,CZB-NXT-i7-02239-CZB-NXT-i5-01855,TTCTGAATGGCA,CZB-NXT-i7-02239-CZB-NXT-i5-01855,ACCTGCGAGCGA,Human,,,,
SCLUNG_NEXT6,sclung_sclungnext6,,scrnaseq_lungadeno_pt_samples,N8_B003577,N8_B003577,Ashley,CZB-NXT-i7-02240-CZB-NXT-i5-01856,TTATTGACCGAA,CZB-NXT-i7-02240-CZB-NXT-i5-01856,TTTCTTGTTGTG,Human,,,,
SCLUNG_NEXT6,sclung_sclungnext6,,scrnaseq_lungadeno_pt_samples,N9_B003577,N9_B003577,Ashley,CZB-NXT-i7-02241-CZB-NXT-i5-01857,TCTCCGTATCCA,CZB-NXT-i7-02241-CZB-NXT-i5-01857,CTGAATGTCTAA,Human,,,,
SCLUNG_NEXT6,sclung_sclungnext6,,scrnaseq_lungadeno_pt_samples,N10_B003577,N10_B003577,Ashley,CZB-NXT-i7-02242-CZB-NXT-i5-01858,GCGAAGGAAACA,CZB-NXT-i7-02242-CZB-NXT-i5-01858,TAATAGGTCACT,Human,,,,
SCLUNG_NEXT6,sclung_sclungnext6,,scrnaseq_lungadeno_pt_samples,N11_B003577,N11_B003577,Ashley,CZB-NXT-i7-02243-CZB-NXT-i5-01859,AATAACTTACCG,CZB-NXT-i7-02243-CZB-NXT-i5-01859,CACGAGATTGCC,Human,,,,
SCLUNG_NEXT6,sclung_sclungnext6,,scrnaseq_lungadeno_pt_samples,N12_B003577,N12_B003577,Ashley,CZB-NXT-i7-02244-CZB-NXT-i5-01860,CAGAACACACGC,CZB-NXT-i7-02244-CZB-NXT-i5-01860,TAGCCGAAGTTT,Human,,,,
SCLUNG_NEXT6,sclung_sclungnext6,,scrnaseq_lungadeno_pt_samples,N13_B003577,N13_B003577,Ashley,CZB-NXT-i7-02245-CZB-NXT-i5-01861,TCGGCAAGGTCA,CZB-NXT-i7-02245-CZB-NXT-i5-01861,TGAGTAGCGTAT,Human,,,,
SCLUNG_NEXT6,sclung_sclungnext6,,scrnaseq_lungadeno_pt_samples,N14_B003577,N14_B003577,Ashley,CZB-NXT-i7-02246-CZB-NXT-i5-01862,TTTGTTTATCTG,CZB-NXT-i7-02246-CZB-NXT-i5-01862,AACATCTGAATA,Human,,,,
SCLUNG_NEXT6,sclung_sclungnext6,,scrnaseq_lungadeno_pt_samples,N15_B003577,N15_B003577,Ashley,CZB-NXT-i7-02247-CZB-NXT-i5-01863,CCCAGACGACGG,CZB-NXT-i7-02247-CZB-NXT-i5-01863,ATCGCCAGCAAT,Human,,,,
SCLUNG_NEXT6,sclung_sclungnext6,,scrnaseq_lungadeno_pt_samples,N16_B003577,N16_B003577,Ashley,CZB-NXT-i7-02248-CZB-NXT-i5-01864,TTTCTTCCAGTT,CZB-NXT-i7-02248-CZB-NXT-i5-01864,TACCCTGTGACT,Human,,,,
SCLUNG_NEXT6,sclung_sclungnext6,,scrnaseq_lungadeno_pt_samples,N17_B003577,N17_B003577,Ashley,CZB-NXT-i7-02249-CZB-NXT-i5-01865,TGCTAACTGTCC,CZB-NXT-i7-02249-CZB-NXT-i5-01865,TTGCGATGATTG,Human,,,,
SCLUNG_NEXT6,sclung_sclungnext6,,scrnaseq_lungadeno_pt_samples,N18_B003577,N18_B003577,Ashley,CZB-NXT-i7-02250-CZB-NXT-i5-01866,TGATGGGATAAG,CZB-NXT-i7-02250-CZB-NXT-i5-01866,GCAGCGGGTCAC,Human,,,,
SCLUNG_NEXT6,sclung_sclungnext6,,scrnaseq_lungadeno_pt_samples,N19_B003577,N19_B003577,Ashley,CZB-NXT-i7-02251-CZB-NXT-i5-01867,TGGACCCTTTCA,CZB-NXT-i7-02251-CZB-NXT-i5-01867,TCCGACACGGGC,Human,,,,
SCLUNG_NEXT6,sclung_sclungnext6,,scrnaseq_lungadeno_pt_samples,N20_B003577,N20_B003577,Ashley,CZB-NXT-i7-02252-CZB-NXT-i5-01868,CTGCGGGTAAAG,CZB-NXT-i7-02252-CZB-NXT-i5-01868,TCCTATGCTCGG,Human,,,,
SCLUNG_NEXT6,sclung_sclungnext6,,scrnaseq_lungadeno_pt_samples,N21_B003577,N21_B003577,Ashley,CZB-NXT-i7-02253-CZB-NXT-i5-01869,CAGTGCTCTTTA,CZB-NXT-i7-02253-CZB-NXT-i5-01869,CGCAAGTTTCCT,Human,,,,
SCLUNG_NEXT6,sclung_sclungnext6,,scrnaseq_lungadeno_pt_samples,N22_B003577,N22_B003577,Ashley,CZB-NXT-i7-02254-CZB-NXT-i5-01870,TCGGACCTCTTG,CZB-NXT-i7-02254-CZB-NXT-i5-01870,TAAACGACTCAC,Human,,,,
SCLUNG_NEXT6,sclung_sclungnext6,,scrnaseq_lungadeno_pt_samples,N23_B003577,N23_B003577,Ashley,CZB-NXT-i7-02255-CZB-NXT-i5-01871,TGCGGCGTCTGC,CZB-NXT-i7-02255-CZB-NXT-i5-01871,GCGGCTTTGAGA,Human,,,,
SCLUNG_NEXT6,sclung_sclungnext6,,scrnaseq_lungadeno_pt_samples,N24_B003577,N24_B003577,Ashley,CZB-NXT-i7-02256-CZB-NXT-i5-01872,TAGACACCGCCT,CZB-NXT-i7-02256-CZB-NXT-i5-01872,TAACTACAGGAC,Human,,,,
SCLUNG_NEXT6,sclung_sclungnext6,,scrnaseq_lungadeno_pt_samples,O1_B003577,O1_B003577,Ashley,CZB-NXT-i7-02257-CZB-NXT-i5-01873,GAAGTATCAAGA,CZB-NXT-i7-02257-CZB-NXT-i5-01873,GGCACGCTGGCA,Human,,,,
SCLUNG_NEXT6,sclung_sclungnext6,,scrnaseq_lungadeno_pt_samples,O2_B003577,O2_B003577,Ashley,CZB-NXT-i7-02258-CZB-NXT-i5-01874,GAACAGGGCAAA,CZB-NXT-i7-02258-CZB-NXT-i5-01874,CGGATAATAGAC,Human,,,,
SCLUNG_NEXT6,sclung_sclungnext6,,scrnaseq_lungadeno_pt_samples,O3_B003577,O3_B003577,Ashley,CZB-NXT-i7-02259-CZB-NXT-i5-01875,TCCCTACCCAGT,CZB-NXT-i7-02259-CZB-NXT-i5-01875,CTGGAGGATGTG,Human,,,,
SCLUNG_NEXT6,sclung_sclungnext6,,scrnaseq_lungadeno_pt_samples,O4_B003577,O4_B003577,Ashley,CZB-NXT-i7-02260-CZB-NXT-i5-01876,TTTCCTCACAAG,CZB-NXT-i7-02260-CZB-NXT-i5-01876,TCTTTACGGAAT,Human,,,,
SCLUNG_NEXT6,sclung_sclungnext6,,scrnaseq_lungadeno_pt_samples,O5_B003577,O5_B003577,Ashley,CZB-NXT-i7-02261-CZB-NXT-i5-01877,ACCTGTAGAGAG,CZB-NXT-i7-02261-CZB-NXT-i5-01877,TTTGTCCCACTG,Human,,,,
SCLUNG_NEXT6,sclung_sclungnext6,,scrnaseq_lungadeno_pt_samples,O6_B003577,O6_B003577,Ashley,CZB-NXT-i7-02262-CZB-NXT-i5-01878,TTTAGATTGGAG,CZB-NXT-i7-02262-CZB-NXT-i5-01878,TTCAGGTCAACG,Human,,,,
SCLUNG_NEXT6,sclung_sclungnext6,,scrnaseq_lungadeno_pt_samples,O7_B003577,O7_B003577,Ashley,CZB-NXT-i7-02263-CZB-NXT-i5-01879,AGCATCTTACGG,CZB-NXT-i7-02263-CZB-NXT-i5-01879,TGGTCGGTTATG,Human,,,,
SCLUNG_NEXT6,sclung_sclungnext6,,scrnaseq_lungadeno_pt_samples,O8_B003577,O8_B003577,Ashley,CZB-NXT-i7-02264-CZB-NXT-i5-01880,ATCAAGCAGCAA,CZB-NXT-i7-02264-CZB-NXT-i5-01880,ACATTCCTGGGA,Human,,,,
SCLUNG_NEXT6,sclung_sclungnext6,,scrnaseq_lungadeno_pt_samples,O9_B003577,O9_B003577,Ashley,CZB-NXT-i7-02265-CZB-NXT-i5-01881,ACGGTGCGGTCC,CZB-NXT-i7-02265-CZB-NXT-i5-01881,CCTGCTACTGGT,Human,,,,
SCLUNG_NEXT6,sclung_sclungnext6,,scrnaseq_lungadeno_pt_samples,O10_B003577,O10_B003577,Ashley,CZB-NXT-i7-02266-CZB-NXT-i5-01882,GCGGAGTCCTTG,CZB-NXT-i7-02266-CZB-NXT-i5-01882,TGCGTCGTTACC,Human,,,,
SCLUNG_NEXT6,sclung_sclungnext6,,scrnaseq_lungadeno_pt_samples,O11_B003577,O11_B003577,Ashley,CZB-NXT-i7-02267-CZB-NXT-i5-01883,TAAGGCATCTTC,CZB-NXT-i7-02267-CZB-NXT-i5-01883,GTAAACTACTTA,Human,,,,
SCLUNG_NEXT6,sclung_sclungnext6,,scrnaseq_lungadeno_pt_samples,O12_B003577,O12_B003577,Ashley,CZB-NXT-i7-02268-CZB-NXT-i5-01884,TGCCAAATGTGA,CZB-NXT-i7-02268-CZB-NXT-i5-01884,TTTCCCACTTCT,Human,,,,
SCLUNG_NEXT6,sclung_sclungnext6,,scrnaseq_lungadeno_pt_samples,O13_B003577,O13_B003577,Ashley,CZB-NXT-i7-02269-CZB-NXT-i5-01885,TTCCAGCAGGCA,CZB-NXT-i7-02269-CZB-NXT-i5-01885,TACGCTACAGGT,Human,,,,
SCLUNG_NEXT6,sclung_sclungnext6,,scrnaseq_lungadeno_pt_samples,O14_B003577,O14_B003577,Ashley,CZB-NXT-i7-02270-CZB-NXT-i5-01886,TAGCGTCCATCT,CZB-NXT-i7-02270-CZB-NXT-i5-01886,TGTGTTTGTTCG,Human,,,,
SCLUNG_NEXT6,sclung_sclungnext6,,scrnaseq_lungadeno_pt_samples,O15_B003577,O15_B003577,Ashley,CZB-NXT-i7-02271-CZB-NXT-i5-01887,GAACAGGCAAGT,CZB-NXT-i7-02271-CZB-NXT-i5-01887,TTTAGTCTTCAC,Human,,,,
SCLUNG_NEXT6,sclung_sclungnext6,,scrnaseq_lungadeno_pt_samples,O16_B003577,O16_B003577,Ashley,CZB-NXT-i7-02272-CZB-NXT-i5-01888,CGGTGCGTAGTC,CZB-NXT-i7-02272-CZB-NXT-i5-01888,TGGAGCCCGAGC,Human,,,,
SCLUNG_NEXT6,sclung_sclungnext6,,scrnaseq_lungadeno_pt_samples,O17_B003577,O17_B003577,Ashley,CZB-NXT-i7-02273-CZB-NXT-i5-01889,TCCTTTGAGAGC,CZB-NXT-i7-02273-CZB-NXT-i5-01889,TTCAGGGTCTCA,Human,,,,
SCLUNG_NEXT6,sclung_sclungnext6,,scrnaseq_lungadeno_pt_samples,O18_B003577,O18_B003577,Ashley,CZB-NXT-i7-02274-CZB-NXT-i5-01890,TTCTCCCTTTCT,CZB-NXT-i7-02274-CZB-NXT-i5-01890,CGGGACCTCGTC,Human,,,,
SCLUNG_NEXT6,sclung_sclungnext6,,scrnaseq_lungadeno_pt_samples,O19_B003577,O19_B003577,Ashley,CZB-NXT-i7-02275-CZB-NXT-i5-01891,TTTCACCCGACC,CZB-NXT-i7-02275-CZB-NXT-i5-01891,CGACTTTCCAAA,Human,,,,
SCLUNG_NEXT6,sclung_sclungnext6,,scrnaseq_lungadeno_pt_samples,O20_B003577,O20_B003577,Ashley,CZB-NXT-i7-02276-CZB-NXT-i5-01892,GGTGCTGAACCA,CZB-NXT-i7-02276-CZB-NXT-i5-01892,GCCTTTGCCACA,Human,,,,
SCLUNG_NEXT6,sclung_sclungnext6,,scrnaseq_lungadeno_pt_samples,O21_B003577,O21_B003577,Ashley,CZB-NXT-i7-02277-CZB-NXT-i5-01893,CGCTTCAACTTT,CZB-NXT-i7-02277-CZB-NXT-i5-01893,TGAATGAACTAC,Human,,,,
SCLUNG_NEXT6,sclung_sclungnext6,,scrnaseq_lungadeno_pt_samples,O22_B003577,O22_B003577,Ashley,CZB-NXT-i7-02278-CZB-NXT-i5-01894,GGGACGCTGATG,CZB-NXT-i7-02278-CZB-NXT-i5-01894,TGCTTATCTGCC,Human,,,,
SCLUNG_NEXT6,sclung_sclungnext6,,scrnaseq_lungadeno_pt_samples,O23_B003577,O23_B003577,Ashley,CZB-NXT-i7-02279-CZB-NXT-i5-01895,TTGAACCCGCTT,CZB-NXT-i7-02279-CZB-NXT-i5-01895,TTGTGAACCCAT,Human,,,,
SCLUNG_NEXT6,sclung_sclungnext6,,scrnaseq_lungadeno_pt_samples,O24_B003577,O24_B003577,Ashley,CZB-NXT-i7-02280-CZB-NXT-i5-01896,GTTGCCAGACAT,CZB-NXT-i7-02280-CZB-NXT-i5-01896,GGGAGTGGACCC,Human,,,,
SCLUNG_NEXT6,sclung_sclungnext6,,scrnaseq_lungadeno_pt_samples,P1_B003577,P1_B003577,Ashley,CZB-NXT-i7-02281-CZB-NXT-i5-01897,CCCGCAGGTAAT,CZB-NXT-i7-02281-CZB-NXT-i5-01897,CCAATCGGAGTT,Human,,,,
SCLUNG_NEXT6,sclung_sclungnext6,,scrnaseq_lungadeno_pt_samples,P2_B003577,P2_B003577,Ashley,CZB-NXT-i7-02282-CZB-NXT-i5-01898,TGAAGGCGAGGT,CZB-NXT-i7-02282-CZB-NXT-i5-01898,TCAATAAGTGCT,Human,,,,
SCLUNG_NEXT6,sclung_sclungnext6,,scrnaseq_lungadeno_pt_samples,P3_B003577,P3_B003577,Ashley,CZB-NXT-i7-02283-CZB-NXT-i5-01899,TGTTCGTAGAGA,CZB-NXT-i7-02283-CZB-NXT-i5-01899,TTTGGCACTCAG,Human,,,,
SCLUNG_NEXT6,sclung_sclungnext6,,scrnaseq_lungadeno_pt_samples,P4_B003577,P4_B003577,Ashley,CZB-NXT-i7-02284-CZB-NXT-i5-01900,GGAAATCACACG,CZB-NXT-i7-02284-CZB-NXT-i5-01900,GCGATACTCGGC,Human,,,,
SCLUNG_NEXT6,sclung_sclungnext6,,scrnaseq_lungadeno_pt_samples,P5_B003577,P5_B003577,Ashley,CZB-NXT-i7-02285-CZB-NXT-i5-01901,GCCCGACAAATG,CZB-NXT-i7-02285-CZB-NXT-i5-01901,CCCACGCATACT,Human,,,,
SCLUNG_NEXT6,sclung_sclungnext6,,scrnaseq_lungadeno_pt_samples,P6_B003577,P6_B003577,Ashley,CZB-NXT-i7-02286-CZB-NXT-i5-01902,GAGCACGCTTCC,CZB-NXT-i7-02286-CZB-NXT-i5-01902,TCAACTTTGGAA,Human,,,,
SCLUNG_NEXT6,sclung_sclungnext6,,scrnaseq_lungadeno_pt_samples,P7_B003577,P7_B003577,Ashley,CZB-NXT-i7-02287-CZB-NXT-i5-01903,AAATCTCAGGGT,CZB-NXT-i7-02287-CZB-NXT-i5-01903,GAGCCCGCTGTG,Human,,,,
SCLUNG_NEXT6,sclung_sclungnext6,,scrnaseq_lungadeno_pt_samples,P8_B003577,P8_B003577,Ashley,CZB-NXT-i7-02288-CZB-NXT-i5-01904,CTCACTTGGCGG,CZB-NXT-i7-02288-CZB-NXT-i5-01904,TTTCCGTCTCTG,Human,,,,
SCLUNG_NEXT6,sclung_sclungnext6,,scrnaseq_lungadeno_pt_samples,P9_B003577,P9_B003577,Ashley,CZB-NXT-i7-02289-CZB-NXT-i5-01905,TACAGTTCCCGT,CZB-NXT-i7-02289-CZB-NXT-i5-01905,CCATTGATAAGA,Human,,,,
SCLUNG_NEXT6,sclung_sclungnext6,,scrnaseq_lungadeno_pt_samples,P10_B003577,P10_B003577,Ashley,CZB-NXT-i7-02290-CZB-NXT-i5-01906,TCCTTTCCACCG,CZB-NXT-i7-02290-CZB-NXT-i5-01906,ATAACGACTAAG,Human,,,,
SCLUNG_NEXT6,sclung_sclungnext6,,scrnaseq_lungadeno_pt_samples,P11_B003577,P11_B003577,Ashley,CZB-NXT-i7-02291-CZB-NXT-i5-01907,CATTCCAAGTCG,CZB-NXT-i7-02291-CZB-NXT-i5-01907,TAGCCGCCTCGT,Human,,,,
SCLUNG_NEXT6,sclung_sclungnext6,,scrnaseq_lungadeno_pt_samples,P12_B003577,P12_B003577,Ashley,CZB-NXT-i7-02292-CZB-NXT-i5-01908,ATAACAGCGAAC,CZB-NXT-i7-02292-CZB-NXT-i5-01908,TTTCTTCTGGGA,Human,,,,
SCLUNG_NEXT6,sclung_sclungnext6,,scrnaseq_lungadeno_pt_samples,P13_B003577,P13_B003577,Ashley,CZB-NXT-i7-02293-CZB-NXT-i5-01909,ACGCCCGCCGAT,CZB-NXT-i7-02293-CZB-NXT-i5-01909,GTGAAGTTGGGC,Human,,,,
SCLUNG_NEXT6,sclung_sclungnext6,,scrnaseq_lungadeno_pt_samples,P14_B003577,P14_B003577,Ashley,CZB-NXT-i7-02294-CZB-NXT-i5-01910,CGTGATTAGTCA,CZB-NXT-i7-02294-CZB-NXT-i5-01910,AAATCCCAACTT,Human,,,,
SCLUNG_NEXT6,sclung_sclungnext6,,scrnaseq_lungadeno_pt_samples,P15_B003577,P15_B003577,Ashley,CZB-NXT-i7-02295-CZB-NXT-i5-01911,TGATGGTAGTGG,CZB-NXT-i7-02295-CZB-NXT-i5-01911,GAACTTTGTCCC,Human,,,,
SCLUNG_NEXT6,sclung_sclungnext6,,scrnaseq_lungadeno_pt_samples,P16_B003577,P16_B003577,Ashley,CZB-NXT-i7-02296-CZB-NXT-i5-01912,TTCTCACGGCGT,CZB-NXT-i7-02296-CZB-NXT-i5-01912,CCACTGTCCGAG,Human,,,,
SCLUNG_NEXT6,sclung_sclungnext6,,scrnaseq_lungadeno_pt_samples,P17_B003577,P17_B003577,Ashley,CZB-NXT-i7-02297-CZB-NXT-i5-01913,TCGCACTGCTGA,CZB-NXT-i7-02297-CZB-NXT-i5-01913,CGTATGTTATGG,Human,,,,
SCLUNG_NEXT6,sclung_sclungnext6,,scrnaseq_lungadeno_pt_samples,P18_B003577,P18_B003577,Ashley,CZB-NXT-i7-02298-CZB-NXT-i5-01914,ATGTCCCGTAAA,CZB-NXT-i7-02298-CZB-NXT-i5-01914,TTTCTCGCTCCC,Human,,,,
SCLUNG_NEXT6,sclung_sclungnext6,,scrnaseq_lungadeno_pt_samples,P19_B003577,P19_B003577,Ashley,CZB-NXT-i7-02299-CZB-NXT-i5-01915,ATGCGGCTGTCA,CZB-NXT-i7-02299-CZB-NXT-i5-01915,GAATACGAAATA,Human,,,,
SCLUNG_NEXT6,sclung_sclungnext6,,scrnaseq_lungadeno_pt_samples,P20_B003577,P20_B003577,Ashley,CZB-NXT-i7-02300-CZB-NXT-i5-01916,TTACCCTACCCT,CZB-NXT-i7-02300-CZB-NXT-i5-01916,CCAGTTTAGAGT,Human,,,,
SCLUNG_NEXT6,sclung_sclungnext6,,scrnaseq_lungadeno_pt_samples,P21_B003577,P21_B003577,Ashley,CZB-NXT-i7-02301-CZB-NXT-i5-01917,TCCTCCGAAAGA,CZB-NXT-i7-02301-CZB-NXT-i5-01917,CGACCTTGAAGC,Human,,,,
SCLUNG_NEXT6,sclung_sclungnext6,,scrnaseq_lungadeno_pt_samples,P22_B003577,P22_B003577,Ashley,CZB-NXT-i7-02302-CZB-NXT-i5-01918,CGGTTCACCCGC,CZB-NXT-i7-02302-CZB-NXT-i5-01918,TTTCCGAGCCCG,Human,,,,
SCLUNG_NEXT6,sclung_sclungnext6,,scrnaseq_lungadeno_pt_samples,P23_B003577,P23_B003577,Ashley,CZB-NXT-i7-02303-CZB-NXT-i5-01919,CTATTGGTATGT,CZB-NXT-i7-02303-CZB-NXT-i5-01919,ACGCTGCTTTGA,Human,,,,
SCLUNG_NEXT6,sclung_sclungnext6,,scrnaseq_lungadeno_pt_samples,P24_B003577,P24_B003577,Ashley,CZB-NXT-i7-02304-CZB-NXT-i5-01920,TCTACACACTTA,CZB-NXT-i7-02304-CZB-NXT-i5-01920,AGGTCTCTATGG,Human,,,,
